var_1,var_2,var_3,var_4,var_5,var_6,var_7,var_8,var_9,var_10,var_11,var_12,var_13,var_14,var_15,var_16,var_17,var_18,var_19,var_20,var_21,var_22,var_23,var_24,var_25,var_26,var_27,var_28,var_29,var_30,var_31,var_32,var_33,var_34,var_35,var_36,var_37,var_38,var_39,var_40,var_41,var_42,var_43,var_44,var_45,var_46,var_47,var_48,var_49,var_50,var_51,var_52,var_53,var_54,var_55,var_56,var_57,var_58,var_59,var_60,segmento_cliente
-10.520167500284847,-0.28481713428396627,-0.5471095095833044,-1.0148218023068818,0.28841907490903373,0.45363529211749193,-1.2248250900709923,0.23725168711978925,4.738012159228902,0.20249025100905954,-2.2816375547620367,-0.10949729898154406,1.247055147453663,4.031858241832392,-0.2455201175545691,-5.631472194948041,0.3752570200191228,-0.6838095391391514,1.4670622639006183,-0.18441457369593794,0.24513877164460116,0.37907104740435726,-0.5502583826516672,1.4878384660252013,0.6726885246086608,1.5429844143218805,0.3239724190749077,2.407306071107535,-0.8321786228646274,-3.0734461983279497,0.508299066149807,2.3110763408251427,-0.011992513555838524,9.308679264077771,0.35182964331960226,0.5602726599888912,0.9803277931849772,-3.6844092286623664,-4.6275429258317935,1.0844926987705272,0.9130600941843164,-1.6455566394986074,-1.2720989827697724,1.2662374376224166,-1.4386739973910116,-0.04064044584695403,0.31234473959648934,2.934550333525188,1.6479201652947455,0.614689090912399,-0.8295501949021179,-0.31091285320913553,0.5749686021415611,-0.27816865509794414,-1.7783483111769827,-1.50382440899974,1.292747631644329,-1.194407517857041,1.6605836524637805,-1.0360683000739026,2
1.1086893304795329,-0.9296339521774971,-1.2104016960234212,-0.26050058940633264,-0.4119698691130282,1.105638510041112,-0.09861764364055987,1.3362653604222314,1.2048797312197697,2.13820904755154,2.2703966393532165,0.23491524751944107,0.04595939611876998,0.3252926107902052,0.2545804326435609,10.617693342597917,0.08766712563732891,-0.44332077027619093,6.730994091198621,1.3181053604970665,0.7346328547273364,-2.1833489184297776,-2.214173733173655,-1.010621763578548,0.634903811584933,7.39216616220124,2.391554820991459,-0.8402777513216165,-0.12330765200479676,-0.2904968351377961,-1.7832214812837974,-0.5870218183512091,0.2544017716507839,-9.249241102234244,1.0832128219319013,-0.16093635479906948,-1.8128859910500958,4.565453356575507,-4.441730917032155,1.3287029357932232,0.4523232329649811,0.13234769950874692,-1.4325966297915411,-0.5639478631114292,0.3827197930570508,-4.570058183838347,4.375032953163214,-0.23202451041663838,-0.3385983966149878,-0.15942864851793337,0.4960923380768729,-0.46262462005165167,-2.6934317899720055,0.3798920368034835,0.36912365433735395,1.0353346866922113,-0.5470242510096601,-0.4069169840002802,6.7426430962950406,-1.2045936479113302,0
0.017897898397745398,-0.3258150797816233,0.16991478148216368,0.019335818584628333,-1.3187826376705372,-0.9468240540146251,-0.22541309686869168,-0.32314153813263663,1.788858113941231,,3.286625016441283,1.1298029999915986,-1.1428345428804136,1.5716872697655506,-0.4034357060358352,-1.8257860110142792,-2.20498320218681,0.5631787896796314,-7.204125737204067,1.2018368060612135,-1.244181215710196,0.8875299190579455,0.6744495914161837,1.4261991603193342,0.7957009124235614,-7.988092036650192,0.5401597088701403,-0.9932043416694851,-1.0730589191132758,-2.7477239542499245,-0.45433859971564605,1.6772270760369838,-0.06749798224982147,-1.508607439981416,-0.01505387100160042,-0.634827360376867,0.23953111864302568,2.141737253106304,-2.8368530847138183,-2.235424551429819,-1.1024857037694658,0.5789193065864303,0.1591653848110624,0.12919878544645685,0.9433028670188557,5.888392771824019,6.709539212598602,-0.16732160932115064,-0.0641790403689981,-0.18005951959581534,-0.5359382468133194,-1.5786926787264723,1.7399641898814342,0.841021304225833,-0.28755980642401313,-1.0380188767846283,-0.787895705677845,-0.6284858594982461,3.080849665372729,-0.30989722030322864,2
0.41465680983184905,0.37005808836797927,-0.041235524546684506,-0.15102401497028514,-0.11757146367606526,0.17005819154391613,-1.4065866873724093,1.3612931244392328,-0.018161928406446037,0.6275907322840457,-4.117637529418723,0.08715257038436107,0.314121174679678,-0.04621587614458622,0.9980452216359774,2.5502935079315865,-2.9744205593435797,0.29267911882183567,8.3574125888497,1.026239081898477,0.3584057917558956,-0.3887792432108021,0.2609907321924092,-0.7894957947313558,0.5266022143517697,1.3512419058490714,0.8875016933061226,3.80516268174244,-0.36874431085656423,2.848893771456793,-0.02399050971639267,-0.3566886532877254,-0.19022128213728176,0.2713972586112035,0.05119111997989789,0.5719649347214409,1.685419358886098,1.9437674846626973,-0.13874400222244765,1.4674276722245718,-0.1953283552568741,-0.25252732681086576,-1.0185232628232228,-0.7376424334574151,-1.3003038171383543,-1.7014130952619118,-3.8387379026629276,2.458450343001416,-0.39524432542817783,2.655522807436884,-0.7227466062922852,1.1898119668668736,-0.7105524088602848,-1.4907393797155357,-0.6030078000737306,0.41312512098394394,0.6333688092749624,1.4245800712666272,-2.9033566213105186,-0.9122627404246667,1
4.916438563557802,2.268061331792991,0.6608971711195765,-0.5629197280280642,-0.14862105860385233,-0.1211232405597662,0.5720122469413772,2.9608696904630456,0.05427227096188547,1.60323119662256,1.2333656727931817,-0.1693266018339602,0.022081529446324355,-3.624444008498946,0.5219439646587877,3.3961940699332946,4.162933015637761,-0.3090579693645207,0.7404023622112729,-0.9051849071491059,1.2546363477709561,0.02998959547752066,0.4618193820468438,-0.05065865658221008,0.8866598686324269,3.7932135052017406,-1.5910074834736458,2.6799110880296015,0.9563349315048129,2.1754527514281934,-0.9732609104843317,-0.16454510557886134,-1.016188330770298,-6.519063704908952,2.5860579168995224,-1.0741970583754759,-0.32293986526083895,-1.7133154477746073,-0.12273311288530847,0.48881334795389053,-0.09254985208954168,1.80956075738669,-2.0867517889867413,-0.008102414008182882,-0.44195570159066433,1.4677827508769532,-4.342836129868506,0.7587893547726849,-0.5974910157034872,1.9921797437205169,0.806933550030064,1.2712862621270136,-2.013806656975469,0.802406985981937,0.5624799233165947,-1.0835151070098108,-0.0005597329768144486,-0.014492730657749742,-2.4252082794546443,0.10019280009276271,0
-0.73611047689266,-0.5732088380786067,,0.20792634499666768,1.4306222057285443,-1.5852371965435528,-0.3727347874322195,-0.20697678155643767,3.9847921132798496,-1.8966210547429252,0.40567670553814283,-0.46196351591836454,-0.31876368886625245,-1.6196133914081223,-0.06164404163127847,4.193469536792178,3.5329548170879104,-0.45892970443987857,3.662817620435456,1.2494570995878644,0.8698349991743388,2.348722402246502,-0.781687121593047,0.4113570120574287,2.4003982779374198,4.00280382006323,0.7366967302912816,4.235064411128338,2.034069018956833,1.6037498870674982,1.0439568080091193,1.2996085246088043,-0.9504177782792909,-1.8883540994816932,0.6645703567778796,2.1276704577526178,2.997526337023954,-0.05216671716767718,-3.2929729182576764,2.821130758334043,-0.08950703116153806,-0.2910967040780286,1.0175644516970628,0.6064982402693239,-0.2984386831980448,-0.7943733397425667,-3.320974293197204,0.4909466876202708,0.27541883537021433,3.625173407831618,0.08768539306257807,1.6809298322656987,-1.6233222168352741,-1.7683532892706062,1.3455097517464754,-0.8665470856410711,1.0738941701834959,-0.20790298949924071,-0.9758542121619942,-0.026137869277960163,1
5.2496226320030255,0.6572125035848473,-0.40344659071432515,-0.09625046626401842,0.5047811182391668,-0.828738009441283,0.28980574199839365,0.7818212109654562,1.6770376605436335,-0.5424993063877285,2.423674286437715,-0.02473562468983367,1.8567316041881468,-6.070971398289405,-1.4084648309152514,3.4930409170099255,3.987779180295292,0.4707904439669705,-2.7004091574827402,1.536686415622371,0.7453722920017978,-0.6012942830351659,0.21362371758665685,-0.93424235709999,-0.20378252140990608,3.364929651227513,0.559951427319347,-3.9095304640188187,0.7074548355529011,3.7812292664728497,0.06812044071361423,0.3626100606151799,-0.7413033689372526,-7.268215336879749,0.07048609225891711,-0.36361955713297156,-0.7224182877791375,1.394851741478415,0.6706999989817147,1.4240534372232587,-0.6332441596041881,-2.4891278048023238,-1.1842372720558751,0.45106488163755687,1.1355065261031918,1.0751502268477418,-0.7451698310688548,-1.8688173128715362,-0.0917106828701304,1.9557070305810829,-0.5311209383289219,0.4134353887180931,-2.278218703715146,0.6600954605303792,-0.24292344617648085,0.01840462341945858,1.2523993796287587,-1.3004246658052474,0.07821679008230187,-1.2751237554911852,0
5.591746657221534,-0.5333009996658639,0.785858887743896,-2.014893404941069,-0.3068176278607802,1.5590485786373618,1.397294060681637,-1.0007390284412634,-1.7881648108512982,-1.5605616026082936,1.896449895505878,1.8743764971778318,-0.6152297500176546,-0.9648473549947331,-1.5346307505399202,-1.0556963862015418,-2.2730904650462715,-0.24590626428350457,-6.185185776093055,1.380714375892219,0.8285552286978893,1.361707113656695,-0.743422485108784,0.5328082864567701,0.13169568857100736,-4.294098448308969,1.9701379824624783,-2.496021534591936,1.9208744192102758,1.0699638172769308,-1.2910466825150706,-0.7850445810000103,0.5091407622706997,-0.4994079205513802,0.874236796409441,1.5161358965735574,0.41953760096748893,1.4596297143871442,1.8388183648849499,0.11383093459950566,1.0213831390832049,0.846407127836525,1.0038754422824911,-0.7997488119386411,2.1179236007049025,2.626301757351731,2.3209602193257544,1.1443448508918184,0.6122047872316672,-1.696242019641973,0.24313957431187702,0.19233136495566816,0.9686793460538199,1.4709907620267788,-1.0884320234103977,-2.389180695939929,0.14542301617487988,-0.5258822577251332,-0.888099251800383,2.038328984630831,0
-5.920785087672495,-0.9117667358298499,2.008733422896103,-0.6708776207596805,-1.112074818376736,-0.027760136644663376,0.4254826830634316,-0.5972386560582158,4.186058632436829,0.13636530807313918,-0.07170669024710774,-0.17836642469478214,-1.2342754841278012,-2.4552967150839096,-1.4815211390434568,1.4181161866272298,8.822291345326196,0.05027289131537464,0.06861781384477907,0.005800119116093905,-0.44316772781320113,-0.09219702212713034,0.8140507973333223,1.5090251988918544,-1.5809355206372318,7.488030573010067,-0.9001347629725085,1.1113080881517245,1.170194743361313,-2.6846144246577257,-1.1714840885478104,-0.7396875640116412,1.4895774588475794,-2.834475935072231,1.4704820276836883,-0.34479612299418294,-0.6760065836508808,-3.998104331470616,-4.30236492361111,2.3565366127165914,-1.0733378580790447,2.6371981991325426,2.0204739770927964,-0.8527976275132332,-0.777857258208614,1.1886728594215454,2.560591598231369,-1.1656735104517029,-1.3683629807891347,2.63159524174351,-0.8907936664659647,-0.4465284720744135,-5.865804572229645,0.20914350114554867,0.7414564869926152,-0.25793970385173065,0.4331844114066636,-2.203778503759745,2.5231342741854075,-0.48144209026492446,1
-2.6506263260660177,0.6105642755423011,,-1.13833633655989,-0.5802581743615904,0.6649947266352376,-0.5680015584100027,0.34793235817526436,-0.5949046679460837,0.7492267352469322,-1.0992260568118986,-0.35005290451877136,1.3640633468584331,-0.18201912337929427,0.8245448153867869,-8.646816208264482,-3.0635051457777003,-1.4384201693187728,-12.689585807005733,-0.0021526161912184057,-1.4309664309346954,-0.6296558983397632,1.2461071546443843,0.42055024470976476,-0.2496108123302298,-7.329747061439589,0.6809469415669698,-1.0649640961886626,0.21573601860739083,-3.1275465653958476,-0.6359767766019002,-0.5943487327899609,-1.1209405616633774,5.252238583067952,-0.023895787609565684,-0.8307242630538235,2.450337811738455,-0.8711579697394253,4.229435017700746,-2.042015295017209,1.6364841856331978,-0.25661781731502964,-1.0768610419413662,0.6722887632172591,-0.5634731191456657,3.420079794469803,5.794360153523439,1.814655342273463,1.0768849308026256,-0.8459718345796432,-2.764478335574237,0.31208056032611303,5.023537789605314,-0.1947586789831651,-0.035976477676608845,0.06649066140069422,-0.40002209723511,-0.668920843859364,3.286357742223797,-0.7477440313366499,2
-0.731391569429243,-0.40758659458821744,-1.1219814222364228,0.3323803713827082,0.9903403612805209,0.3318339872388406,1.2373383608480444,-0.3364134337078333,-0.7991956718976586,0.967724096673656,-0.30867179162373226,1.345053044061114,-0.8847662159264168,0.28652701758206134,0.619424570057224,2.3565005529017284,1.4507318566295082,0.6398963268536275,6.607075378888949,-1.378353976471156,0.39959332968787453,0.09647299893490985,-0.9070821787897877,0.010199542843669786,0.2919858428760578,-3.1292259773662723,-1.1294072543628668,-0.7688170352944026,1.1802027066679226,-1.5309197878989984,1.5382767043124999,0.84215376722603,-0.3431427868297869,-2.907951905248224,1.7694638287360926,0.8425211410704871,-0.24643029196760868,3.6289083030313174,-0.6577158306355798,-1.2742222869198767,0.36900963571711903,-0.2931927554030441,-1.3922592873961341,-2.179609813244635,0.378477532435706,-0.2217005632594531,2.7222381123495287,-1.0760662187529697,-0.29757999941349217,-0.3243246877565529,0.12382707976292781,0.35084897630705086,-3.870092991765117,-0.09236886973581691,-2.0994144966727784,-1.4795752270191693,-0.8970201717464726,-1.3044058613934073,-1.9290411281691693,-2.1614788733844423,2
2.2823828254927943,1.7268734033395459,-2.0380009695523884,-0.21331095444845594,-0.33035796657687444,-0.18883291660265547,0.2503962662960622,0.5005596718976477,3.115619719716782,0.7723020550690356,1.2965866640194816,-1.80585241399886,0.06395047508581163,0.8008555184951354,-0.36850366594203826,-1.8640094587788125,-0.8330264894791515,-1.0082291744548781,4.123256029238352,0.1588258992096506,1.0914598464126517,-0.6568592272194986,-0.009615478363643291,1.0539536254892845,-1.0928823142542785,1.9744390653024917,-0.5361858434404991,1.7162759524426945,-1.7044003816879019,-1.8192462087305334,1.2273306300517688,0.39517595922481197,-0.16455790967056894,-1.3478207028712088,-0.034166630890252396,-1.63846384826483,-1.7533189960346856,0.5863052176412885,-6.870757946252016,1.252134052775137,-0.8802915589692766,-0.6722812027482963,0.4315334785915829,-0.7977296704899891,-0.19834633591805792,2.857575544783218,1.6501038309451674,-1.1673932249588235,0.3920636119749427,-1.4872880572768135,-1.7254962211933793,0.7808400104737139,-2.7489830905205346,-1.6981788293752575,-0.6744730893709083,0.10588786759307169,-0.19617546474646033,0.7056420432559709,-1.209314399300484,0.8830629612037807,1
0.05539342611986506,-0.018154926591744922,1.428297225490979,-1.549191433596769,-0.14393666114910383,-0.12877830122009162,-1.2548031010876068,1.3118141831941261,-1.2098737784243312,-0.18063705277517667,-2.361994130392352,-1.5492426984289036,0.476375837817217,1.8853371244423063,-1.0938956418128853,-4.922085280467431,-4.487937197031664,-0.0871154526523343,-2.7543543931804177,0.8254474989892364,0.10675880427533697,0.33113027814467494,1.7254953621777067,-0.18928713364777308,0.7476722752778516,-0.05123584182986647,-0.40086143257108786,0.6501804298551852,-1.0073844123720699,0.006363837227263414,0.2279128498530932,-0.45392921547102894,-0.8675893507753502,7.023524688983145,-1.0454932173174223,1.211169370366708,0.908885930349636,-1.829771766645612,1.1027849222138049,1.5843854958541361,-1.581573365246042,1.5281032627129902,0.8099877460973516,0.25834847760396457,-2.215235750425496,-0.12972489620914063,0.3153840884173204,0.12512896420048425,0.5994410354027534,-2.182138887319094,-0.6230051569984238,0.3795097827753808,2.12817592706417,-1.3840565112398355,-2.3396933830772624,-0.5109606079931348,-0.5027639223642002,0.17171327450677207,-0.4016427960310194,-2.623149905574143,2
-4.59621013565461,-0.40288420486593585,-1.116148354083223,-1.5807108528717373,-0.9334191307950553,-0.2981682904513967,1.8939885180303484,1.461117851421829,-3.1719807932788298,-2.4459392240511124,-0.986107548333731,-1.1615954301915894,0.01234340412098197,0.5771996900237539,0.6212263517886641,0.8296977928346527,2.8638591069588797,-0.09702672099088225,-5.110020775489454,0.46369852801752515,0.3474968042713602,0.3197945349331578,1.5739139823955863,-0.1292813134177646,0.23248362251333896,-0.8285402571752204,0.35361160372506467,-0.008492299979273366,-0.8344712580041804,-1.4679388144172996,0.1560080121177067,-1.0142563417614883,-0.7479296709768382,-0.02132307330985878,0.2607610446059979,0.010841744286986442,0.26141099500539056,-3.3176594108216073,4.922293031354983,-2.5973871656932817,-1.323411597450132,0.9966978435446922,-0.22959418039907242,-0.29753200602333324,0.8102972057766435,-0.8503648323330184,1.1102022529235591,-2.176127458846334,0.5396369064823264,0.42484149311732766,0.4311470084882615,2.7026107179784136,1.3169700830187354,0.542414211778243,-1.2747520137870318,0.05267821425116917,0.42966257750315245,0.4833436319714619,3.3541561077211153,0.9158685588456282,2
5.278304437368695,0.17562030822576033,0.19628916781476102,0.6647502719530682,-1.1973977123540451,1.8026609511754337,-0.6052415099251824,1.10835508351264,0.750080905799311,-0.1306539689621132,1.1188400812238015,-0.5000514509745525,0.4909153489266592,0.5659750665552896,0.11452879578658232,4.512947308337661,-5.671888620166119,-0.39685704491532053,3.2372407679275015,0.5657736996720634,0.9842314424619487,0.8240984566626314,1.6248390446548415,0.06423083370332693,-0.16588304998337827,2.977924892112817,-0.21800280858313795,-3.4000495721318806,-0.2328180822209189,1.2041487328032263,-0.8093274256820062,0.9811211880125139,-1.065335694119256,-2.743679498808971,0.6409053137937868,-1.2467782478378646,-3.2487084304077865,4.765317004606729,-5.381558015343637,3.9822712127691884,2.514438636617342,0.07226190097399007,0.3203019330485454,0.39439652418284166,-0.062354641968780086,-0.3469654177437256,4.127466538555561,-0.7900608725979532,0.7062580369103023,-0.5804122308930089,1.1316381196683123,1.054731334981796,-2.35465630924846,0.8047705218937661,-1.0976446495794714,-0.6927016366283786,1.9293307866889464,1.3029464890669604,1.376520583076999,-2.1440401256746693,0
-0.005263366497732762,-0.14684033202314845,-0.7207271291498991,0.7441859187417738,0.6268126272447856,-0.21536090529134394,2.6570760862853966,-0.4118211036040762,1.0526007787005458,0.02647857853564339,-0.4302890085754212,-0.622251051197725,-0.22304945928457628,1.4566804980976875,0.521932678770256,-5.3465278071605296,-2.5482918946771207,-0.10861676956874153,-1.412232885293915,1.4312310049431152,1.368044933223274,-0.796716765539889,-1.6910573926287304,1.1299724153906707,-0.29504505308353224,-0.545734675909838,0.657603556595542,2.8797794991968972,0.5577390196646843,-1.624032667970846,-0.8296738747657025,0.588107078330844,-0.9276600605294759,2.136373091476499,0.6197025296629742,1.4069696819330804,0.23236833858606498,-1.6766620310863232,-1.422012190643405,-1.3227880775437768,1.6676163422043686,1.4877757954172028,-0.6112521178563375,-1.3098996346607559,-1.5376860154143381,2.1446215428600333,0.1309305738860348,-0.037256475745382954,0.546186361717454,-1.7433665257730853,-0.6001726758797186,-1.2113603514390614,2.4178688863689413,0.9932892150895127,-0.7107446188729217,0.4669016024769167,0.07157654429672844,-0.3224459235362533,0.7443994874296487,1.6606887224175584,0
0.040793774153701265,0.1851355208142539,-0.16900903006111112,-0.7196245945313875,-0.3230847301941572,-0.09609017599740294,-1.5587168656928039,0.27605198219688404,-2.362547818330518,-0.7686947354683101,2.386040141489473,-0.7504823887797306,0.06229523124272585,1.7375834008417586,0.4770045270150447,7.9654758115832625,2.599420761335298,-1.3604943023485239,-7.119307841676951,-1.1477876077694382,0.0031424179997970292,0.5036675387821951,2.712259107049089,-0.9247154995071485,-2.009964109825924,-0.009696705801915133,0.3140415293084732,0.37825147033485274,-1.1618854359956385,1.4264080780325843,-1.562783396652724,0.21735983713841495,0.09163202868692485,-2.5882287924368406,-2.3812212649361095,-1.8842891862985096,1.1089922243715722,-2.82651398521105,0.6713224216771205,1.0161093850856298,1.1554910448774365,1.1941960897436203,-0.1642709957569328,-0.6222109832880652,-1.0121934189651745,1.601164895633461,2.3816305948820964,-0.2637730249009679,0.39372168349882763,0.9419368207706684,0.40207342674734803,0.31652077803326206,-1.0368051228894668,1.1890573220626914,-0.13948606769510388,-1.192019783176972,0.5300753375993843,1.133797325262076,3.5318046736029034,0.3266776633734169,1
-0.839263095493021,-0.9032059231283659,-1.6968080880927259,-3.0464245209324705,0.10353405070373366,-0.558415965860798,1.6280529083487896,1.1462664952431498,1.4796122704047616,-0.3881739735440746,-0.19831665086550831,1.018704497521347,1.3898637023506577,1.296474280984456,-0.009350979167891578,-2.650526787978087,-2.5784519498030787,0.5304602689426596,-0.5580337926624319,-0.0457150066798569,0.5397511242008026,0.6335990420496339,0.998772968859851,1.4676936638675533,0.8592439163520906,-2.831594789397729,-0.810013360771362,-2.292788928150849,-0.21470328268663053,0.14609103141377044,0.12989853759625736,0.11722209023567541,2.4007371087244596,6.576444370833634,1.0257994199483065,-1.5571247607670295,1.9944491119889172,2.119156872790488,-1.241403923093535,2.764899329069567,1.6066083136721405,0.5315960272352283,-0.509065389957918,0.7425226059338665,-0.48024351984911734,-0.3874163636412502,2.2611507187291027,0.24777470188585066,-0.5242202141178675,-1.2137192552002563,-0.16638893946642636,-1.4183675997648457,-0.12568504434209082,-0.25925319259829255,-1.0521297630100692,1.0295428779577755,-0.4002613298142571,1.1829553757553655,-1.6233772375926279,1.0033955076470287,1
-2.4097992859220194,0.5645671946772005,-0.922361435778424,0.8087091296855378,-0.3089295518411869,0.679302612943759,-0.6573936723300476,-1.0094469902544805,-2.5858000271617594,1.0702297747470308,1.6857315267718942,0.705331331566252,-0.15328167936689113,-1.4052527627234817,-0.25300713479877673,6.738806599202617,6.826620491742868,1.5179796714236287,-5.827099560297131,-0.6485168659641393,1.2272447425947532,0.09325716638803754,-0.22928482608808806,-0.12593343347951702,0.13141026339446346,-1.7680861745952268,1.02795154982348,1.0931486393515715,0.08206341550740556,-2.4679596223422156,1.6411586017553217,0.9636226357893163,-0.8030637167384439,-10.667954439643982,1.394531501962776,-0.7312999291425445,0.17975521213823553,-1.5215518813555073,2.907605742965739,-4.377483662848431,0.6628156164000343,-1.2323929210609432,-1.052318623989515,0.7653061459116238,0.3104156445865647,2.945228663619295,5.8007632337559745,0.4363048558011988,-1.0322113999864002,1.8305613740328428,0.29828360652638897,-0.4376970057257168,-2.179692354094591,0.032016417635237895,1.5330168719778,-0.5345317580225847,1.9996158165082094,-0.3415533320162964,6.110004263751867,1.5832041782833295,2
2.454998392881119,-0.9336210272631789,2.549070205687507,-1.0859014793604784,0.018415738232976108,-1.1190384354636338,-0.422309525547606,0.939828868835869,-3.7529163854443572,0.29601342522762486,-0.06435454744230107,-0.9462287600361824,-0.20290974228154723,-1.1955430946070749,0.43396164252264113,-5.642358556514878,-0.3873731399833093,0.8401983025554061,-7.529142097276177,0.6441228739601836,-0.7446916481612371,0.7528471825316089,-0.5745993024745167,-0.23806148863266643,-1.6725563711984652,-3.6994366199307196,0.5569106605483044,1.6256989103197752,-1.2587701549090833,-1.591825172246628,-0.9033997948281881,0.7403525470606521,-0.9649947152032493,0.04813195295107882,1.209418301015628,-0.613012820812323,-0.1498327136102473,-3.1111288719452457,5.81812822217264,-3.8878098248185626,-0.17029393974189885,0.05614594395095396,-0.17730714919332297,-0.3690222813676206,-0.27302329621919785,1.9074884531239626,-1.8555751421418922,0.42350330623451804,1.5001089481737746,-1.2747701318435078,-0.7377121310521915,1.2939954792739714,4.4710262346771215,0.22201989458125426,0.4132435417166508,0.3058365829269358,-0.230900074805493,-0.1461452453986719,-0.7307724306913457,0.5605655111291652,2
-5.1834375859953,0.29435693938504603,-0.6989867711171525,-0.04533165858844122,-0.7977129791066363,0.3778475896161037,-0.2140849466256299,-2.224753348038238,-2.656142400360009,0.47933544944132955,-4.728573013374593,-0.6173090230571722,0.6958429170025704,0.5725385105121656,-1.0309106271844801,-2.8052617522492653,1.6577955374658397,1.6722862453384253,-3.953268037893283,1.1753283441498767,-0.10021588301841317,-0.641888374641698,0.26398515459944805,-0.7266388782019252,-1.409159679718801,5.114178727320566,-0.09536494178380363,3.049599917570414,-0.12333571837386921,-0.587125698581758,0.571705806585918,-0.8789654136424417,1.4606568358407617,6.921609088444282,-0.10254219853335657,-1.0026214493763508,2.1861004514604367,-6.733855101216058,4.74268656209172,1.8077128295773104,1.2273821883629545,-0.9345106766049461,-0.7669651171501998,0.4344706000273546,-1.0753368542585,-2.8034647596531377,-1.4440106246449946,-0.3560333076630912,-0.9653942849153981,-0.28751650372231374,-1.2019359316198368,-0.6665431106342641,0.8577810574229512,1.5286344158295317,-0.21647312939848742,-1.5855858817239625,-0.3131088660153109,-1.2382806884735476,1.3564550670413937,-0.2217616696324985,2
-5.085191093997218,1.7115579209900993,-0.11673064491608603,1.3849484870983504,1.3203992814466707,-2.0020529844773582,-0.6522557630512951,1.719144334338687,1.1665942957653233,-0.672086293367362,0.06673260432254546,-0.0832327102706568,-1.7221016246734302,0.6968831296166742,-0.596804905853097,4.712658939214351,2.5956998112813388,0.15065392673910555,-1.6105411937826057,-1.1477907718575986,-1.7602050561470506,0.11774857446304501,-1.8706855841180934,0.31585898655854244,-1.2346415233570895,-4.782383718802705,-1.2488031324896824,-1.0408360568885056,1.6444674333499452,3.1618356376845465,-1.3369808960485758,0.09213114833163037,-0.10541125747840863,7.610732061286431,-0.12868878274457135,1.5997089937601792,7.216678906737669,1.932257140217806,2.8575855298128636,3.770677502253826,-0.47704406575757213,-2.0003322762548583,-0.8256913036108847,1.2168443567400216,1.034319416401822,-3.8135425474917235,-1.831557669033255,-4.054050084760234,0.10355847249732097,3.4248191211654246,1.384102468745975,1.4763733788711084,0.45172537114846056,0.5375940162702407,0.6507410370664645,-0.0353929251300813,-1.1993935113641656,-0.35588389985990065,-2.523861645047685,0.0718485092054428,1
-3.6667893307230983,-0.7106690191120586,0.36046976996394575,-0.47635361447875973,0.7409543366714663,0.669825145426235,-1.1139051688894404,-1.1383894316893033,-2.2605871561840782,-0.7244476780449395,-2.095754366842339,-0.35203733535524195,-0.14111178679923259,-0.16957231623787994,-0.900036811993571,-3.0803273956848725,3.2627777026171043,-0.08898935888336583,-0.835381522571921,-1.9930911919529295,-1.2626428850405527,-0.12259122185448969,0.44002159350898895,2.3509866157346044,-0.7937483330446092,0.2684775913656263,0.46910516989907886,2.5940063621421254,1.630660987142157,-2.005987509416788,-0.9835350459461226,2.0213161425701083,-1.2169996327947623,1.6275868654968322,-0.24611051385781257,0.46642330074235205,0.24336391719199302,-4.154269316662393,4.067527433361252,-2.529750517709895,-0.9819880766894714,0.12636777076233408,-0.9313743018097279,-1.1206283663388281,-0.5878988956536116,-0.9390031741508547,-2.742836802476589,-0.35839383961089344,1.4530510986372605,0.10113803258370058,0.7399146447350233,1.3245145970885108,1.0323324741046953,1.0912569609811595,0.6374563999301467,-1.861394753942005,-0.8153958068949927,-0.9876488102822554,-0.7928844355973315,-0.8619828965717148,2
-0.27658502288018316,0.37446404069715866,0.3696147959000166,-0.6622351004005362,2.001017970072886,-0.045829347761381055,1.665251273821698,0.08128494703163401,1.4808902225645129,-1.5980554919288952,-1.9723757336400696,-1.2500954765732064,0.4132340807846682,0.6840013190976093,0.8274611346197166,-1.1539269423334242,-3.133702717616427,0.5634418012514096,1.872374673800069,-0.38412325900950034,0.7712514142512116,-0.6548651586560266,0.9022204455675815,-0.4868968574892246,-0.7125786628673275,-2.687286927248665,1.1076963526575612,0.01460058841018086,-1.5072856728444286,1.7658735010857771,0.898904562781537,-0.8307859631004115,1.3373328801144235,5.0394284096459,-2.0007822399633985,-0.5468261531053455,2.542381223330701,2.185848965188158,-1.2888263753789362,2.8642486137972405,1.907195726692202,0.7311266550111132,1.8007460692361192,0.7015877310571998,0.6224709161887462,0.6856596748683017,0.39307015622416985,-0.06298116578783874,-1.2935521457432113,0.9083357940457445,-0.3263875179599722,0.47270731286934553,-0.7567470913671633,-0.44076331179776523,-0.46476323811533704,0.17702312899378309,-0.9424164116166525,1.2478153725783292,-2.886946405504137,-0.24945730537011496,1
1.2025060983565468,0.06812064684879925,-1.5970978812796237,1.1023488554957632,-0.38611470937849224,0.4348088296250044,-0.008621894164396671,0.09431652127843113,2.030747074907769,0.4829260540400925,1.956792933900656,-0.9929943535717297,-0.6536580383262969,0.3356210092942704,1.7053730180301083,3.9113363553724545,2.7850005878076,0.12004055034942096,7.604877674777551,1.246812460894594,-0.9843124334266979,0.5065632050693992,-1.5328079003432058,2.240615664455086,1.915219635669948,2.547110295589561,-0.17630848262333892,3.7798294098509047,1.1460694226503847,0.3174973706648281,0.6673434277253707,-1.2127942470685584,-0.9416503547975966,-4.006677979959235,-1.6517510276705176,-0.20987686761150998,0.3327395473154582,0.6971896362974866,-3.6637766405969225,-0.2718143770527499,-0.40185844667481363,0.3100689366658237,-0.15625972552343478,0.2590080535837397,0.04999763292752675,-1.097000460465545,-4.014302432229731,-0.01822383447072144,-1.0744135486632826,0.6336158248796215,-3.0099410802239155,1.3863778072806072,-1.563114735366787,-1.473026738578449,2.5594878894527247,-1.1110818217112834,2.050970630490695,-1.0024823814069894,-2.0002537798108624,-0.11368367518910404,1
-0.3381635307918049,0.971609563251387,-0.37465396781164767,1.7951084483439408,0.9780005241715597,2.353092448910977,0.24936559112660756,0.5461283531935511,-2.2026959966230177,0.8164960238933582,1.7543688248788634,-1.4064740040344614,-1.869165761000935,1.3839625903060724,-2.0544402219876448,5.488007321602699,0.09865791242584877,0.6498230520728239,1.7518213373434552,-0.012580063502112084,-0.997641898797629,-0.9774746369387358,0.3213763190814564,0.9693817869489962,1.9311110688625377,0.5335293039919025,0.858977026043308,-3.5511778528788773,1.3970353850289938,0.5797895716055919,-1.51313877514181,-1.8450080064334982,-0.23876271988824793,-1.9675099617297596,2.0203595354706008,-0.786065099652139,-2.773338268675971,1.3889979056009432,0.8568133664511239,-0.6506294025449921,0.5190622236049256,-1.4118517083219448,0.06238739638016563,0.060100193906401,-0.3789750689064935,-3.430540120250196,-0.6508014583402305,-0.5948733611662425,-0.8324911782306316,0.07836803083925825,0.7855911301653025,-1.3941743517469143,0.1695821717186381,-0.7934964583353113,-0.0022809347591302735,-0.2221099619325858,-0.2000693724404299,-0.47853830042295376,1.3474412100528417,0.053540630615501135,0
-0.8209871679629867,1.465578289745381,-0.33290932998667877,-0.937074280147968,0.6483649563956297,1.3731239018364885,0.2494343042140543,-1.4985789972269905,-0.10531528318913685,0.1860663360952508,-1.1249626555881131,0.28181314862514345,-1.0073246253294221,-1.0770686209584721,-0.13077744876740208,-0.3171877025287045,-0.0018249703291564983,0.2740908281706544,-0.5319374801900331,1.0797023647287574,1.2493487077663223,-1.147057175402172,-0.998468326721944,-1.6457162846736633,-2.1155114710946537,-1.0947007718495412,0.9717814777578513,-2.097628702481266,-0.018526961698505685,1.0128138568409317,-1.786886035147921,1.6759545347721903,-0.6136027640233338,2.819268400863739,-1.1864699217971546,1.2839570766734367,1.418309093948304,1.2602507963066245,1.846279848303237,1.6637807619992309,1.887685776866593,-0.9184488225807672,-0.6584460385217168,1.6449142097286245,0.4195693433153503,-1.3572812720494116,0.31320266793519214,1.0417349079187792,-1.7489020483179183,0.712699334279694,-0.13796092258232334,-0.371179100017682,-0.45027262477366514,1.6190315693901793,-0.7792478244102747,0.6374816048363169,-0.27402623074477794,-1.6664191897478233,-1.340763353912672,-0.6989769412493453,1
2.8688068704288843,0.0840392090498677,-0.2762179960004274,0.5358503350049342,-1.0634633671223397,-1.164797015080235,0.7881435439709441,0.4860386816427485,-3.4792978828698873,0.1851250343140176,3.9590498916115533,0.9036856417929532,0.2729161142526889,-2.885657823322794,0.07983079188297652,5.324348692523158,9.453898024785838,1.3483863719881566,-7.607794883951107,-1.4506216533528082,-0.3394396517978083,-0.2645842468885863,0.10195096740633612,0.915019924919956,0.5714947364635622,-1.7496928438974872,-0.03517741650355717,0.6383285882439587,-0.20733877253321994,-0.24791390842337568,-2.1029017310550335,-0.22106553661032657,1.3865401349918163,-8.086564798228947,-0.8939553907625805,0.7120317209883875,-1.8730771871698595,-5.0882835832696385,2.5473559863208326,-1.9781997509024425,0.09031669151892624,0.7441477889481191,-0.3998229406861777,-1.3052080978053102,0.6317180318506153,4.916717761021166,-1.9444435806916602,1.1074569306689515,0.9260762336397387,2.7411698209424666,-0.6606413828841099,-0.0009533712532066398,-3.229284364519891,-1.7384269028201453,-0.7505296181538237,0.13510806713406354,-1.001666513620925,0.43830370476834984,-2.3764634182098647,0.320431792946765,0
1.6899069346216067,-1.9882849798492022,1.8313773907792428,-0.6143547878807106,-0.09532344809031813,1.289290872537674,-0.8238573900296764,-0.3068378239478644,2.24123553955673,0.08207330627972995,4.107961249071318,-1.7033424033846836,-1.1909479040577826,1.3210732511150307,1.14937777311902,4.177785096121187,2.374732042097249,-1.3419125957223974,1.141552850574549,0.48305586949580065,0.12916750629573248,-0.34254902783225927,-0.33409277534211873,1.1085762803182715,1.2505095490647982,-0.5807429277657283,-0.05290082379649703,0.6893091376832501,0.29560524364324753,0.6771294380649442,-0.562958731409473,-0.8384186196881012,0.011654237832496939,0.293878396993807,-0.6217931434227345,0.044543587578746525,1.2249512575096198,0.6579829634003527,-4.5402133222107395,2.704789876852575,-1.2689523134581844,-0.2588944702176533,-1.9065531768508028,-1.6976981901788368,-0.6320691471407719,0.4354718456193276,-1.3957418143194213,-0.5934443248805781,0.7974798636184299,0.4578983304060622,0.41857933293647676,-0.9826889275282422,-1.8817149625068894,-0.617147635619446,-0.3833376542005875,0.8169843266540283,0.2977035288147863,-0.2500469918311598,-2.7195615436456837,0.13948868159359817,1
-1.2275413212060422,0.6711362314607829,-0.26003017448777127,0.5734104938952346,0.31734600575340993,-1.3928512565683007,-1.0919853548814664,0.04811882013253013,-1.442820115349226,-0.3618343094191579,-0.7338153217711096,-0.5001760291599592,-0.4598609409881913,-3.443681981575969,-0.3189783023385535,4.099864215968941,7.602307498961776,1.9936354852445843,2.9755687286033106,-0.6029343603960319,0.30610257045801226,-0.714768528809567,-1.3161625167818407,-0.7011924616466628,-0.025251624298867764,-2.137308523161591,0.1808512144201237,2.386921706847218,0.4481860233417833,0.5924244098069786,1.076509511123356,-0.988689718846925,0.08272253850441787,-7.580021700734674,-1.6638422018388501,-0.9577164978894083,3.6541971320315945,0.7688957770240996,4.9840749028172935,-3.8350966103041175,1.4441122031312545,-1.9947793578899735,-0.9719136797303582,-1.0486866116355964,-0.08457555734801674,0.07556217022203415,-0.33317313619527383,-0.9256953099444264,-0.5172722003520555,1.5010478274789314,-0.833804612387308,1.9422652108599197,-3.031412513222369,0.7205237600012689,0.027133848181837103,1.1187768152532964,-0.82632446281534,0.8460497149246927,-0.6830101880436288,0.1571646849402645,1
0.10813482331492165,-0.957168769241226,1.4119024337098602,-0.3451496572880415,0.8423936901903476,1.4103259559504977,-0.28956287144711274,1.9155523724856514,2.642183891574621,0.1782435176836276,0.5119655958013816,0.4072186081807713,0.8732034679584414,-3.3487512500437253,-0.5834753165999902,1.986344459599122,5.862801644936122,2.531247233263117,2.5278480539010535,-1.1231623263411525,-1.5073331179376817,-1.7852584679238899,-0.5459360003532663,1.6753365159340758,,6.730956994145175,-0.161219851248817,2.650693914833327,-0.673258454789669,-0.8425705432707573,2.0684353405210794,1.1706699391741384,-1.5994225691295507,-4.971786734004086,-1.2695993113567914,-1.2537135875801377,-1.0930951847973471,-2.190952146681271,-3.1353672156983965,1.7067835728909495,0.1796331105979691,-0.951708238164947,0.3223746965844759,-0.6394387806715084,-1.1313662435732894,0.3824797823105397,-1.9800443475328875,-0.030194307942056735,0.9787207152077464,2.585957969504056,-0.34901026596470397,0.15867790637445828,-3.599628147057156,-0.8954519890080467,0.2192464008313578,0.3738753902434395,0.6918356374107179,0.7656624251562598,-0.6449036919222946,-0.20441998158067412,1
2.547617754954498,-0.5537416231177833,-0.2942890942957355,0.011971847763763078,1.56025680218457,-1.6618775137606852,-1.7499775327819653,1.0974306088410382,-4.058459889239142,0.4316661838579913,0.2527687277936119,0.8444036299568526,-1.1026229632426676,-1.9267456599130148,-0.2438731170273253,-3.541114728959578,2.070344103719942,-1.248930084461459,-1.1395391212084072,0.49067710454473407,-0.16922676047064958,0.6434781452112087,-0.4444195493954515,0.9218158359514699,-0.6446296339028974,-2.4071076258812396,-1.876832025502892,0.34318494935027943,-1.207582858218343,-2.6612610706289708,0.4369331241110122,2.129481628141108,-1.0078690013994693,-6.490543883380986,-0.02090437046264576,-0.0518391957622089,-2.7737037754256217,-1.224181988164431,4.84969284613207,-6.626615074187567,0.06193719724276239,-0.39521178325355505,-0.4838860253828175,-0.6099576254931659,-1.1893033318025679,1.7854033492409127,-0.059008430916208575,0.19335522365057548,0.84530498055513,-2.4334826031914543,0.24032683285978704,0.31992238124314354,0.995459115624798,-1.0985676653813934,-0.631719294329672,-0.08258133560638531,1.4636820019721097,0.2549070295170637,0.06846692105388918,0.631901467646787,2
1.2090258057037793,-0.12381709318340521,-0.619747729260925,-0.20037518376431396,-1.3978120024846332,0.41922564875102425,1.0242302339272182,-0.09351449635145688,-2.81041730563098,-1.7564107063845535,0.11826427914286741,-0.005008204562074136,-0.2605140339423755,-0.4911555304823898,0.2115374452917114,1.7000194979306278,2.600142635036348,-0.8476836422514354,-3.8868202610978284,0.43480339692298114,0.13049301971536847,0.8148227202481061,0.8650381451308626,1.0276728696879491,-0.06359048523355439,1.4264241162313926,1.4946315650502722,1.9903182386583103,1.1017157121691126,-0.42278421341102235,-1.870440889429356,-1.2076403034047432,-1.4003323447845595,-1.5282992607427468,0.3820530357595388,-0.4307401587538532,-0.04150990485423356,-3.566964069150469,2.1168659524788334,0.1329090827634578,0.536667248102405,-0.5299337917441671,1.1245932947231587,2.264614030757832,-0.3520259812642808,0.7845092506650503,-0.5836463392984846,-0.3330396062471275,1.4557069282362927,0.16616456987355654,0.6889991893625707,-0.8705873268369175,-0.6808531258745947,-0.34559489007045224,-1.3111878335168528,0.07693060520538471,0.43795650684895665,0.18152409258814767,-0.10339320921782513,-0.37077926470842015,2
-1.1163219820654582,-0.17291011249048047,1.1774314493888824,0.1052307727794262,-1.5506967005485424,-0.25648596181916516,0.24802471668553422,-0.14475632855918702,1.3619842638380009,0.2563806280261089,0.11104828314195392,1.8211665357924813,0.17112096730732657,0.7895222425401107,-1.0624018871744703,3.3242177180658037,1.4009794845992358,1.1439363133819476,5.229572623360285,0.3888786165587085,0.6509559224948106,0.9385142818314754,2.1027156907541777,-0.9725400967432536,-0.738183578853878,1.2450497110891188,-1.4714502443018458,0.9320583207980064,-0.9024508630937254,0.9281830270831799,0.15747479534885983,2.011982430762255,-0.4814819937879968,-0.7457800725930462,-1.598741683416161,0.9353921500496275,0.7435658029683488,0.9835508818878953,-2.2767221020771413,0.910845986009153,0.6938898059299213,-0.13682436044573087,-0.24832744833790915,-0.3874521836668294,1.797125816625119,-0.9619287274567013,-0.9331772417434624,-0.9833548570347045,-0.4424652556570986,0.7011923284720454,2.745158353008374,0.06202317795672648,-2.2255213070625492,-1.161020018441338,1.6621851332477717,-0.7533795807673912,2.1472471678954963,0.09266533864410705,-0.871474271617856,0.621035193154656,1
6.857012430753171,0.5988480074366075,-0.9475144736513923,-0.8693045412075403,0.9530015927659814,-1.6033459096587435,-1.3567380672561922,0.5543073109576079,-0.10272013158676274,-0.9781593445255623,-0.3797290085396756,-0.42383542189937645,-0.04057187281015166,-1.5066438650681657,-0.06549708083972602,-5.79755888932198,-5.297519801787242,-1.3068498574550105,-0.5362722295356411,-0.918115172434519,0.11189670448859902,2.3790090134020927,1.0013162452099562,-0.579073100919403,1.573412147525846,-0.6673749937679097,0.5581367230264489,-0.7512192335087879,0.22435555774312935,-0.39710071041198636,-0.9242924588558654,-1.426675895220339,0.1144759597954961,-1.452091490601719,0.45889139636189885,-0.29882038742565875,-0.18157169315035537,2.9657942666271775,-0.30842421028739986,-0.44453882463528993,-1.0662167210437026,-1.5831873289696967,-0.25997598866823424,-0.4524805599864017,-0.1057903878517124,2.2578279942543036,4.09731709198623,0.6864175004467297,-3.0477773123935967,-4.522503192469927,0.13441252790227645,1.5186240394564274,0.5417199717020185,0.9624164082830751,0.10327915300694296,0.21697279003687273,-0.010677864266643562,-0.9614979983714009,0.2185406049137929,-1.0734391191074883,0
-3.5252649664096736,1.0364015907185318,0.8504677035125586,0.3541871197033722,-0.03775470768386366,0.7129440594514533,-1.145391721884907,1.2462262543406257,-1.4881484745243418,0.3672154258021339,3.1621903855291267,0.9684414083475943,-0.7696586063066273,2.103328184026328,-0.6502637707555082,7.84915460101536,3.3872739028641607,-0.5141866063411972,-1.252069095175259,0.0562465401604308,-2.1854877358542915,0.2609216568067045,-3.1747489381334764,-0.26862944088250196,-0.868576899643092,-4.575160545913273,-0.9053468835655334,-3.874272523726539,1.6150043675546975,2.5129595481021574,0.1340240661808453,0.1948982864326516,-1.2516484419164693,6.434124756664799,0.2469476862523455,-0.40455012494252635,1.9483107335271517,0.9253803098553501,2.424020200290909,3.1492630833391213,-0.5137134617125588,-0.6882981278363282,0.9850850277992869,-1.5516837114440778,1.6215769935360622,-5.411447365232028,-5.405229718034917,0.33850048643024844,0.060136055716257464,3.7513191210221275,-1.0860026409452335,0.8733797031033523,0.8517658373852346,1.5512811989013504,1.24572143599428,1.6347634856955442,0.06601874934319689,-0.3173484554446204,-4.493165946988446,1.127941808772877,1
-1.057945659836235,1.6514498302752436,-0.6242534205706949,0.876789554553953,0.6473256114622247,0.18940590077956157,-1.090167849208967,-1.11183822373686,2.5614175332697706,0.16031642878699645,3.001491573720307,-2.643516255798053,-0.8124514502408846,-2.6813020588610694,-0.1675573394012255,7.795889739096509,6.066775798999798,-0.5071477427721613,3.329442805948293,1.7286815758143066,-0.6836977852540534,-0.7497768442841058,0.09881803892882439,-1.8486356916305207,-0.6557637427056909,3.4112368388941774,-0.8116811003245956,-1.7637476859538181,-0.3897168901934041,0.9623733326256584,1.0445612757853708,0.5351683092747441,-0.6663091219490861,-7.39161974822119,0.09779831340271064,-0.18017355653507985,0.6276496833601968,2.825177505465876,-1.1336688178740384,0.1579396179085767,-0.15288411926093826,0.654536849827144,1.2627424831476395,-0.1506835586223298,-0.20052053125297437,-2.9824038422677455,0.3117167194782104,-1.93430675744427,0.47482374498962565,2.197972789251482,0.2753774878054306,-0.1680674772143007,-2.573866559157552,0.755668520646805,0.7642980809385072,0.15883193972889184,-1.335052095426896,-0.5633896649610052,2.6313433340415395,0.0002215163969999024,0
2.113505854120721,-0.9844353337741739,-0.6926746180864651,-1.5767642925794465,-1.747242187685385,0.8982838005503734,2.3713218080878464,-1.138962382597892,-1.1311180818455946,-0.7161819448346594,2.022401497488865,0.1715380625164287,0.4080358175759209,2.159213502459985,-0.5585118440896735,0.7952498317535416,-1.985463341197913,1.583238608058682,-1.8173889030754429,0.5942653450095493,0.6297322796636441,0.2130652209787219,-0.30264324635639034,2.082283256474308,1.2747676952781029,-2.91767350801424,0.4329535655285856,-0.704960865542205,0.29561673878513534,-0.34009916624360215,1.0431231160001426,0.8717985314835976,-0.31600937548739405,-1.9536004114845775,0.5654821696804444,-1.1376364698664259,-1.476662859974868,0.4047686298023332,-1.2361628403600071,-1.8109204164131227,2.3112878648193624,-0.7384784270258196,0.2598783464820215,0.3780327533585859,-1.1788275891650584,2.638423154956979,2.257882593081745,1.5208792618404643,1.239073207631966,-1.8025754535193617,-0.517010240183789,-1.2902657212373323,0.4481477368040505,1.4138727729300078,0.3601305894751312,0.5711343550209125,1.4474009983498786,1.2814032104724409,1.2820152192534033,0.6561275961627581,2
-5.986305722012806,-0.35852625275568056,-0.20404955603813463,0.08646347039625449,0.04466658266433169,0.586080850525131,0.01856962871635709,-0.03751621245485452,-0.7900563647067331,0.5762086245996563,-3.7907160738478516,-0.05442087522810339,0.5837673251520977,0.7700011205256238,-1.2323051836077243,-1.6457732468358846,0.9947358236061764,0.8853993762958561,3.7869830107218436,-2.3977640136188785,0.23240521365368297,-0.07660534747702602,-1.2881398982397745,0.9407202234872493,-1.4469294993322073,-3.009468353464391,-0.17912368225123385,-0.2318310082117383,0.4220829036826554,-1.551475118431672,0.21921888756373958,0.1258918965464835,1.123937198312004,4.73604167041154,1.0909837979226358,-1.3464021989713457,2.82655289415195,1.3821924612237808,2.6171355468959607,-0.04397048928213321,0.32022831664885115,-2.1306985905822597,-0.4795820822308051,1.0024520252250873,1.4043414576754112,-2.2335531757437295,2.401618414401307,1.5648743979321735,0.37000019933041056,-0.0036510830080238588,-0.6251814838036688,-2.236330499363674,-1.9289836273460224,0.13691521991747196,-0.15784119969461402,0.9372865549652682,0.4249162654903681,0.701422502921072,-1.3299621091377354,0.9684281249067952,2
-3.0984818823561384,0.9309718858524483,0.7702947580796035,0.08067319560268284,0.8975312796818823,0.6924324316861004,0.06465407213912305,0.37363144166404716,1.6315594226513748,-0.5847270357728331,0.1535316338185697,0.6517875712270695,1.0639539372232176,-2.0804799600672976,-0.5927120036864085,-2.427026959179508,3.0539612169504298,1.477466085582587,-9.111689759896354,-1.7672852040015992,0.12700608527854637,-0.12752065178947503,-1.7753210318402735,1.3579401556508528,0.7985857026434424,-3.7028918139758953,-1.319799960780179,-3.652533270483781,-1.119186332161369,-0.5412938995170438,-1.0106687512532224,1.3800315838449921,-2.2045405061678083,5.940886710462289,-1.2373418199123851,-1.0929901134966593,4.517742823273068,0.186340213453269,1.8759528609258618,3.7420432458980777,0.3642300583452601,2.237849259168583,0.8892858492141632,0.038187894246429516,-1.050892232398696,1.2234514332599349,5.582938821101283,0.7428444941153298,-0.742510432294443,0.7379346623851089,0.20069698565236177,1.9288594336731266,-1.584618586868034,1.8747088026098386,-0.6349290958382272,0.5218052744526738,-0.41358871377568324,-2.5030515931086685,-0.06883891395379349,-0.6772903351163431,1
7.191184132462499,-0.29200667620471776,-1.9217560487326542,-0.20550107974602289,0.6317037077345713,-0.2076772666399089,-0.5206484156682695,0.3438043235358821,2.9809125563034438,-0.24642058683446932,2.475045742977854,0.20560931214296568,2.0375456248289514,-1.3342268735674914,0.1935853398117053,4.433546262398978,-1.7907575216476441,1.7339348069873373,4.120803723090003,-0.23522999393128835,0.975394420665162,0.0907321344022193,-1.5190097253286228,0.6522946997896532,-0.3539037550130431,6.54074942456781,0.17610497603090786,0.23923666572112046,1.2462066722674323,3.005085235485613,-0.3100987933768239,-0.4903517675118684,-0.8482327701681013,-6.52321695260693,1.3546010543580276,0.6715575575083162,-1.9261213779376178,2.1587530497751963,-6.132138987579407,2.779297503727169,-0.6807770784172995,-2.2168215039038417,-0.6057865262052162,-1.2213709174087466,1.259581244452227,1.0130287893022842,-0.3391938518045968,-0.5808000934892528,0.27226709880257305,-0.5077024096521285,-1.71510014332287,0.22154522390106024,-2.2740543067448398,-0.18351155957805923,0.5195145315819467,-1.982116749044131,0.254205894424239,1.4135494046739219,0.9674351931928094,-1.6637364669420118,0
-3.9709918308815753,1.0978779377191867,-2.8422068770392466,2.8074558320493437,-0.6543194321688955,-0.9334487601860295,-0.7172873922056584,-0.12883711188023847,0.17123597851993333,0.3298388340631332,-1.7390190186213768,0.45640785135424433,1.6946256085102893,2.456358659230217,0.38612411586985523,-4.76371270473397,-2.7992785084355085,-0.4519895562765711,-2.9479394092731335,0.28606856256835195,1.595347011002865,-0.27774050888572704,-0.4194207685841112,-1.698032274479278,-0.08967265899701021,-5.116987366472962,-1.2689472346382666,-0.3330143234945331,1.105075139869938,-1.6324391783644105,-0.45664722342269604,-0.5476128790257361,0.28208039892514847,5.373549575145392,-0.1031810651651815,0.3653669371352648,2.2030110494134423,0.3014063926440944,0.922795754953945,-1.2215502619611625,-1.5154463255654003,0.5278386892100967,0.05531581133730173,0.5566582847097322,1.3571868008004018,1.6144031552857638,4.31695756806652,-0.9175250815679685,-0.359407145993602,-1.6429419679546227,-0.7202197821832982,0.5187719143432323,1.5805467603797043,-0.03739233829983229,1.4455335910176144,1.0368156538600375,0.8181187171550729,0.7361434480328135,1.6818541425430216,0.39087465713143815,2
8.80475172478637,1.056255708065297,-0.5511324678696997,0.5376198035195892,0.7539155447074289,-0.9459392652204083,0.5314353199369845,-0.1751116294091788,-1.4738032724147403,-0.19036306331805805,0.44820095866809484,-0.7577012572400416,0.717057326912753,-3.6990891045862715,0.10258356884319689,6.856403675113995,-1.2986444631864342,0.6340234060426649,-0.9064499836131358,-0.12364612723391442,-0.05095312677223058,0.6688844266705558,-1.1279788155117356,1.450456415125785,-0.05388475128738421,6.941269518009779,-0.7428421915276395,1.615748020726353,-0.9454409433522869,3.2544536953551257,0.2514758189977822,-0.6504738133819694,-0.9613153917676179,-10.26124466208054,1.169473619916878,0.2875291201532224,0.6212699843881732,1.7498315258191464,0.7620717877882065,1.661707434293645,-1.232705520528534,0.5843634890461775,-0.7254584925649787,0.9107819169461291,1.1729820785754614,-0.35472918395355757,2.270361903974683,-1.8495885104413885,2.1374544455755773,-0.6611888418535405,0.0575011002442883,1.0876045646144117,-1.2068076852471161,0.7760047440427078,-0.48853070169968466,0.5421131768389175,0.8329721803340545,-0.9177991865000061,4.282696559272029,0.8167564739236778,1
-0.041460972294298265,1.6201834929313883,0.32305929668024885,0.5217820386542978,1.0114797140615046,0.07350540746865974,0.47508273096807774,-0.5405898131982003,0.3881751119763659,0.4717610797705814,-0.924543980633119,-0.19108019564011394,-0.46499987031550877,1.371082409634517,-0.2894906304959442,-2.732504535773698,-3.002860939791577,0.772379835166608,-3.9139976052308945,-0.5731473386216588,0.9390443692694539,0.14747924562277734,-1.1142233592380968,-1.264347531961679,0.9385760925455332,0.7406226332371046,-0.7892679332354385,-0.995706199445231,-0.25958631883905814,-0.24497251408146647,0.9201377987979706,-0.723059964712438,-1.2746422192506264,2.2358644137483785,0.08374678289671217,-1.8284019338152935,0.30438257608733965,-0.8543495318658605,-1.2178846827376693,1.0281734681866115,1.2070990456621775,1.0457045080533052,-0.2801482316237037,-0.3733508816489043,0.32198591161911577,2.2921518438410824,5.319670305813886,0.557184815867792,1.1272097320929404,-2.697883441031149,1.3990997448075744,0.4219462849837819,-0.2994405592657825,0.028838909461889224,-0.8794928094299472,-1.5474778262041895,-0.40315872741456904,-0.308096058023688,3.462858648743227,-0.3539097242450353,2
-3.5012921676813433,0.546599758589076,-0.7989348536567993,-1.019886801013034,-0.6002257301105709,-0.07396384540069194,-0.5716703272767002,0.112185759091425,1.6479726970853559,-1.3382113817853876,-2.4427700518189566,0.6690141718574816,0.2775241436342788,-0.14175107751746574,0.43847175699656754,2.281865312392251,0.45177685986737615,-1.2807878166672102,3.2113484097673783,0.2006851750501655,-1.1445651875274974,1.1503268225783398,0.12642440812473676,-1.67210277092788,-1.0694055347748608,0.7697985333291381,1.6364464837049708,0.8626782724763482,0.6960592371780476,1.8189991462385606,0.6782737003897429,0.2618555642786702,-0.3287954175694484,3.905165330185319,-0.4792033741962163,-0.8019696017829179,1.2889253375548,0.053507796504409066,-1.1570132729958154,3.502985879574546,-0.06182992276768087,1.179747606415444,-0.3138026268128607,1.0522559337439636,0.4512830666483995,-1.3096640980733483,-3.098136374195377,-1.0341632121613418,-0.19019064217300183,4.518500315887879,-0.48126842837938083,1.154214892291474,-1.3997179015174976,-0.042426705617893655,-0.2966521950968329,0.8363700292574102,-2.576629766860556,-0.6138270186937304,-2.928688740360437,-1.786603072697699,1
12.317819156729167,0.2091766507733942,0.0019074122769075462,-0.24711779366764014,0.5649851582845113,-1.9899229666957277,-0.6367839149327159,0.32480582521012286,-1.1888859914371939,-0.742858785067476,2.849644157956071,-0.38049243555077733,0.37898069052202576,-1.27581660783197,0.604140927061785,4.228846586913886,-4.864556029861066,-0.2415459993093825,-0.08148254943757959,-1.4605854707993953,0.14230184613180563,-0.939698419573509,0.7990681225163876,1.568969868949063,-0.5341959272189118,5.969158881984643,-3.0644568687582274,1.3517958837020818,-0.06802281178627427,2.1469722418559014,-0.007528374972159449,-0.4350517323819072,0.23191318256244728,-7.554073690636729,-0.9576318474797533,1.1527323912523346,-3.7396343698526535,1.0576087116172606,-3.895714608534739,2.5896399648734554,1.1849112872234322,-0.24256618203114458,-1.575404685821716,0.9467665679065806,0.38364914491877,1.40947604840268,-0.8983186614876604,-0.9219926384615591,0.6871672785409663,-1.3657986795502233,1.4403217728014912,0.1697671824043187,-0.019690436609376194,0.11163002124318142,0.6060218300142409,1.1676139480208543,-0.5588541092509973,0.6989688004151218,0.28126576603061837,-1.6680027064913643,0
4.967855846882027,0.9138501434081648,1.029712895535159,0.30427839163253123,1.2313809361794323,-1.2916347161343913,0.002661158126551583,1.1436757394048258,-2.4857170191990035,-1.2290524475926197,0.6435381098120043,-1.0019568566958286,-0.16599837062056236,-2.7918045556669493,-1.110556248967009,-1.9806039629403331,-1.9369629896589822,-1.5953849001757456,-8.485905456199086,1.1230973613258104,1.1242853683305207,-0.2499030608777983,0.2731493170042062,-0.12464773832504308,-1.457624486620577,-7.31559547861177,-0.7116595773911455,-4.605873078646999,1.7629903153757707,1.0954832228976439,-1.6704171393014011,0.3492168078985434,0.383436262596614,2.234411636934039,-0.6429923901189591,-2.03909551324372,1.6241926385938017,2.776645400965474,4.2078393285246,1.852129011342978,-0.5601235450930988,0.78008072222146,-0.7288230990929465,-0.21268317022092195,-0.8578210281786216,2.4076217416019157,3.2966754739932513,0.46126794340935595,-0.22905355663211582,0.08715659498784722,0.2289463802042389,0.490662156609859,0.2591169618760032,1.0184534592639736,1.4280607771232459,-0.24013891402431137,-0.3308481285738224,-1.3472094800685257,-3.3527515681186104,-1.0703514513397872,0
2.297391302440462,0.6122326867911058,2.293211005699324,-2.9361620300991564,-0.9808584364242914,0.49661538296735624,2.6923785876469704,-0.32028461276627407,-0.5068938685271155,-0.22762926148480273,3.3593705395812132,-0.7347062559261178,0.7216965184455768,0.5062807539183083,0.7227209794531527,7.096510357890257,0.9822889758719204,0.4228788467533307,1.8201951025568812,-1.0876818765376732,-0.8854908865878482,-0.49420745484327605,-0.8545904346457899,-2.2224407745903245,-0.014339709973157937,1.4501514545134364,-0.21441186170669335,-3.1868354155742975,-1.3834923725342911,2.580689306483679,0.03311461139173281,0.2844917858945168,-0.525653374083725,-3.4819977697945816,-0.7166499098199567,-2.7742201759848144,-2.051852097004476,1.6104352108679276,-1.0690555749935473,0.6538104369876694,-0.6292675989255446,-1.0515526862252806,-0.6116996611329786,-0.688435443944254,-1.0640605097982043,-2.1052172587839686,-1.9771559678642239,-0.07929665752844665,-0.9026039868604906,0.5360124492019733,0.3203685642927417,0.6886080536900302,-0.7445248754227942,-0.8965651774042779,0.16188818624025636,-0.47898604707561543,0.5337032009686378,0.09302961959342355,0.25494375036487216,-0.37248612150535443,0
2.9127419015809752,0.05291759948613458,-1.3827784910375778,-0.5401916442214952,-1.5698709089001601,0.3306174956029355,-0.8557350802680281,0.7790764273936542,-0.5132495464294038,-0.1974191775176412,-0.11202363751799993,0.21040471397131932,0.0990955751831076,-2.053515820737827,1.1514795942038418,0.033956933594008254,1.838457180507307,0.2416005235856662,5.866093852114194,-0.31052575564227347,-1.3855322473838472,0.0452107675574809,0.809768308345471,0.5366465784709282,1.1305913976640294,-2.9961880285304274,-0.10563524269739709,3.7617869942107722,-0.9231741954719951,0.33355681069416476,0.45491475108002216,-0.1209618921899113,0.9534424262529655,-4.369802132787482,0.3913201719352258,-1.4977599328033662,2.301007970061898,2.376220686349801,2.117769716896245,-3.087124486970449,0.9899467121786301,-0.26479360175461414,0.2748080464638976,3.0517113199186254,-1.3918743485189218,-0.1570953769831961,-3.742405047945862,-0.26246074870366565,-0.5433887420956671,0.2786163781542049,1.2163576184010862,-0.0444373539462197,0.01815617242686418,0.16440174615631162,-0.048014163898390194,0.7753237514035657,1.6287680875747823,0.8166121536347003,-4.123377833659406,-0.7625440635395795,1
-0.883154287448613,1.318329887939122,1.2693082882918496,0.04113531721212799,0.6564471869104684,-0.31251787913486384,-0.5049148422942278,0.078873023238061,-0.7802192798997717,1.1852346998851642,-2.1497736003255636,0.9989364865930185,0.1950736786657281,0.3198651047303902,-1.7066695773747482,3.867118258498703,-0.8079366969572815,-0.41112715622938945,4.583454327257473,-2.8519078407826752,-0.23935262226965515,1.186691382603047,-0.4782650356575161,0.21264607619734027,1.3285927366711168,0.9047952983680618,-1.1766371857794227,-0.4871108231570258,-1.0426822762960921,0.9556939103110572,-1.9583409157869407,1.1567098527264343,0.9976197628078978,1.1117217245469508,-1.3874889643917714,1.4739497012264093,0.6370676451271875,2.12883014520246,-0.3375131901495729,2.850766625753891,-0.2502823331191997,0.47916821031983947,0.2654193318466565,1.6171268412679776,0.5903428970142299,-2.2647426132097226,0.8955905047613525,-0.6019816024672664,0.4314089669663246,1.3734804226512187,-0.6557429547644712,0.1959872420566366,-2.836620367858301,1.7764511308092663,-0.1437752111690407,0.8830367785308805,-0.7110367704551509,0.8774485220756677,-1.3888959844301003,-0.8205765555858956,0
-1.1412500642187724,0.8619738352694734,-0.12177312669317193,0.640950608333397,-0.07627041102206733,-1.2496728152602647,0.883114551658483,-0.8505158585732895,3.065203954941551,1.7139258004269935,1.79068400357676,0.6923145736406997,-1.2543245590479954,-1.4465720013608194,-1.6616023349688018,4.907755820490037,4.003032734523947,1.047761241387419,7.760919886041961,0.2002618715365074,0.6260136043956713,-0.4973368733758023,0.7290359855727196,0.9811888278224382,-0.9352627952980184,2.6391972432782875,-0.4440169771109373,-5.1926553452327076,0.19222268054730474,2.0149535499925837,1.1257706161287506,-1.3707015829729348,1.0976721056802679,-3.9975706866117453,1.2136369917167649,0.6525731254545449,-1.600947502449388,3.802836197400143,-3.086288720066917,0.8220178172983073,0.4172957309125057,-0.0495963611820413,-0.7036975461953431,-0.3425270382873943,-1.6800047455298481,-2.0302348225143083,0.5425146729994027,-0.7402293871800347,1.9233718797298098,0.4290154682999845,1.194828994627055,-0.5377297505004549,-5.013526545646892,-0.31531516359480805,1.664990700082699,-2.6890425147584587,1.3162675514999682,1.5392824943448236,-0.2524401993845613,0.725329831984233,0
6.068810240325239,0.1553674531356774,-0.2549172193665906,2.0096501357897743,0.16665318110387498,1.4059075516402755,-1.5282248533564522,-0.3896900688397244,-2.778284649798376,1.1082385610999124,0.5973818795362411,1.1132865277717887,-0.8895948985377163,-1.9873496161462363,1.5162497734193843,9.97372579008042,-0.2883978156818869,-1.0144607648192092,1.196161832797447,1.8415494763953668,-1.971001719199911,0.9768357469361728,-0.6954196543338286,0.7530099210641454,-0.6322649935230937,0.7237710990587368,1.377159868578717,2.8369034286938906,0.32012916497693505,4.472230500154052,-1.378103098339042,-0.29426738762309357,0.9608058661383752,-7.683697248539836,-0.5571607444011802,0.0667655397313135,3.007294771654263,2.7857839703617,3.312134691664396,0.3748938621905571,-0.6319419983100859,-0.6948021015386423,0.6000172606433531,1.5812027649196847,1.7294670517292743,-1.9498347134868053,-2.3818201786188347,0.013798077733433013,0.6534635088850312,2.24930614986545,0.547714440193157,-1.250253401920344,0.47338067843387677,-0.024320590038729002,-0.05591350205486029,-0.7828580025820913,-1.646571565698065,-1.6696379930182157,0.4625750231641568,-0.8741473386855251,1
-0.7523441303958504,1.2719087807381573,-0.5737042698896249,-1.724096361593179,-0.5101838860318426,2.202170466567038,1.7063306195386507,3.555617129553276,0.33186430486674356,0.37688470329893287,2.9970528434810157,-0.5435668402465832,1.2348505377345378,1.661681303328323,0.5354487950852501,7.231348940795637,3.732839587545852,-0.7748634862379843,3.0737735851558474,-1.041813368004598,-0.34242859339457243,1.291678361358942,-1.5463075791888512,-0.6730924391780935,-0.2393583100627496,3.144980171490975,-0.04218891616957776,-3.9762168673690708,0.7711128068029514,2.946523731055956,-1.9098715729225866,-1.3387740208898824,-0.3600572225743383,-3.4198124058244708,-1.6322227407245196,0.7215854776857895,-3.7542633270175014,-1.2385046837665028,-3.029673405119906,0.21084160293242304,-0.19447959354844913,-0.8334854242471311,0.25619624619304904,-0.3455213742512229,0.04887321519441653,0.01991668310752448,-1.7377202010517663,0.3734331727607925,-0.3962110120214403,0.3669714168589704,-0.22385923261752505,0.6483060427012107,-3.726351177582692,0.24708518709962754,1.1602941299200435,0.6212122989745048,1.253550166497368,-0.7966208798123241,0.6509403571089069,-0.706919785905962,0
2.044026160103157,0.2258041934068164,-0.8801848525192214,-0.7798292795319931,0.6002294676034764,0.4014332369443779,-0.25901219508755247,0.2840652070645226,2.8022956063777062,1.689208495226213,0.1587943039087215,0.3296996045890158,1.5559448682197812,1.3412151489043085,-1.538671072932594,1.8748706313964314,-2.7306633076144924,0.2802016382406274,3.3615560553625334,0.12494783429007675,-0.6929369985919814,-0.5361540713968559,0.8911171862575001,0.30196948951412605,-2.050559490616751,2.877989081902547,-1.0192160915095339,2.7882496654924456,-0.96418300517011,0.34500031738125136,0.3468928036820935,-0.22811203854489995,0.9607839913137912,0.23359697397499968,-1.9288769827960086,1.0675283146404824,-1.0585121739955499,0.3081360840453998,-7.038160270461095,3.9340712171620904,-0.9526901406292525,0.5664944863977914,-0.5964406015321919,-0.5416964737564463,0.10256220357251783,2.0722973505522244,-0.235860549611698,-0.39877708783112,0.6297607318736517,1.653619163277698,0.42679413062350674,-0.8402520707952791,-2.0265534036195954,-0.47592481153544475,1.340481511172945,0.47101123182555843,1.083542871305383,1.1214140290969221,-1.4083537374657293,0.22616391232419403,1
0.7890919295138037,0.9820329162398111,-0.24066246043753473,-0.45363884891676387,-1.7350536054359293,-0.32793652237750537,1.0924220022943598,1.462485708479594,1.7706659139328402,0.03933912677746302,2.657439078491364,0.7701035665584568,0.5528239480716095,2.2407398592081846,-0.36982908854451246,2.970862554453698,0.7420142430325858,0.15665355660374003,5.969818891934252,1.3931686371674725,-1.5742973485555531,1.369685162360285,0.17465468063896764,0.8669461659105872,0.14700204928509752,4.464772238864765,0.6562231375357641,-1.4682684557660417,-1.1055847090139588,0.5997035077169242,-0.9317746709931696,0.02846593921228912,-0.6693825346535526,-5.309852897174002,0.2521555056676198,-0.41907790594364563,-3.5026923306602162,0.27282194321626285,-5.040320142421714,-1.866929351638038,-1.4436867367275648,0.05332166842880583,0.7621517136520333,1.261013976580008,0.5362534949056986,0.42944221957829565,1.1243979617679492,0.578302282111279,-0.8266776791334302,-3.299254572484659,-0.711791167469455,-0.18163693304708287,-2.5038258708972547,0.17958245946317858,-1.000602381110322,-0.8640699520880911,0.19405506638375492,-0.8782808123290141,3.325734039662914,-1.216607231663058,0
-5.895830132515684,-0.32724265296174926,0.4663639661755989,-1.3433750124114037,-0.9833076381077314,-0.32467550323983446,0.1745005692104103,-0.7406803386727723,3.385526331619268,-0.7121045241176391,0.10017764576595967,0.061839081724850725,1.0245617493024457,3.0774060758076116,0.3412479781479768,0.028510784754588056,2.2193338739608044,0.593428873655553,8.13229113079019,0.13722212852675678,-2.0651848721211903,0.05416336043547961,0.9942312757686517,0.48033669483541563,1.5617754845216862,2.128213085299851,-0.703963270212981,-0.18917401650869148,-1.6944358314583556,-0.3402513305111188,-1.177400490672593,-0.05852852606344226,0.0343574664422713,8.27383771714446,-0.5694959800544428,-0.42639383151459437,0.8131526893473662,-0.22045139651711554,-4.248663704250423,3.4088270451811447,0.38087410732189125,-1.6517511675084546,0.49115282089779944,0.25275396906144576,-0.17685516007494892,-4.482211741224619,-4.1023973168281485,0.8797356950578639,0.7546733410751487,0.28071238247926156,-1.2355575753681636,0.386986298393111,-1.9290889764793904,-0.49254242979650464,1.0081030694499344,-0.7365096539346572,-0.7401542230035516,-0.9988093573220522,-4.080933453404322,-0.4390678986328795,1
-1.1509502832944873,-1.0623789670794828,-0.9496845733242552,1.376827361965034,-0.45684229668348014,1.0705663084808672,-0.9043781801527275,-1.0728422931626356,0.6595806071903711,-0.0894934073538681,2.0806371670779313,0.692672034252731,-1.574329254232913,-4.981324381641913,-1.336058029878479,4.424893723121488,8.880513661860975,-2.577345022994343,-0.33443783590994103,-1.4769339339366343,0.20225039552923285,-0.5615806151826976,-0.18846903675062704,-0.1428782227912899,1.0969469577703703,-1.5905099308260082,1.441529981722884,-4.679312733454813,0.03491246882623035,1.2852937992095914,1.453770954958518,1.1826800550659773,-2.0413893251399187,-5.057298286552037,2.3446698953034306,-0.31432191122050235,-0.5344981461812965,1.1423407476870973,2.1390522046806155,-0.13524469552406782,-1.5726375147662541,0.534386305535943,1.0797170071942606,0.707523013666104,2.3525850789570026,0.2465746178930256,-1.277172358700399,-0.2981054052157986,-1.3708973585001358,4.077293689211511,0.8089526613585721,-1.3681772079254038,-4.402639668054041,-0.9159617536999785,-0.21254991342059257,-0.1448884023308962,1.3030882730279463,-2.1709829351567693,-3.037123500617697,-0.03822420115706395,0
0.10597087959017744,-0.5406793427779772,0.9296366727183561,0.792359570641163,-1.2790856458012776,-0.12086346887393008,0.3105592838646968,-1.7184800261705802,-0.5240559300001855,0.10198568896275612,-0.02168300194780226,-0.7057511348451821,0.4590800585023697,1.8783249067985486,2.1585119669133706,-3.736909840273344,-3.5642678484192727,1.0774939503558203,-10.814241125522903,-1.7449592192770886,0.26229768667036457,-0.9369229834869618,-1.0786335375585254,0.31243746231621544,0.8623063844145276,-2.447633478687148,-0.6576946620618049,1.2836777670870358,-0.8976265417772614,0.07963351066229718,0.2092317279057433,-0.46551414490014353,1.9791772677090689,6.246671893508142,-0.04835168347733824,0.5171130736854819,2.5278016057391577,-3.2245406828759724,1.1694083970936093,1.4967637304307662,0.4742101124823043,0.6304024058558654,-0.13068271159218892,-0.45531354362920723,-0.13635235966597223,2.657490818631554,1.8141514719078333,-0.6279972729441022,1.386661202643943,-0.8192598060203529,-0.04316655394924891,-0.6567820348088769,4.045793445306868,-0.9338593675287326,-1.3971767572025304,-2.214916704489725,-0.18214359156563206,0.23708372002811168,2.029861499636097,0.1324250426727367,2
0.44160993777688484,1.1067292840194036,0.5379979660490012,-0.33367413097393656,-1.6714672579336196,0.2626501367935147,-1.7908828461371487,1.8844310179053005,-0.9567669766870273,1.1783082452777651,-1.7666589441067435,0.9219515572549758,-0.527435514528596,-2.0734850551515924,-1.1137628437660123,8.178778757441401,1.9454656177814431,0.9403740369157868,5.941667459881126,-2.457107113242397,-0.668206595369311,-0.22445670300157208,-1.4520547569226225,-0.7051733975684187,0.9115232779054918,2.409269842334605,-0.6419987852312966,2.353482357139849,1.23165073907513,4.599193135029216,0.8508404828428677,-0.9297695193265598,0.132127535656575,-4.76928660475368,0.053408693945108845,-0.17958552410691472,4.049722842245618,2.5210792423750004,3.9692761307355044,-0.04463259314796142,-0.35510647351526764,-0.05813098130172194,0.33490257198602386,-1.3121562017692394,0.7868248143911597,-4.514376693646595,-3.7949877470599875,-0.33200167233426514,0.09375717890418754,2.6197683899074944,0.7405846707308918,-0.08026595635894929,-0.3950154663612089,-0.633991458460733,-2.1008288678008005,0.6391317586855819,0.757043990744016,-0.16889784412382366,0.3737440393511702,1.0701173043614036,1
-6.754952629564648,-0.0028660644400470493,-0.09058514278847873,0.3286091919037089,0.047362940214034796,0.22288973755123528,-0.8740291821832805,0.656423018077778,-0.6749967864494185,0.2919552726728605,-0.5029295671407075,-0.2573912747977529,-1.051858592244874,1.348957727541984,0.7815604796316087,3.3816077283876456,6.146352003856482,0.8676088271035266,2.6185344998595075,-0.19459419415963547,-0.4659203354115733,1.1674682045475875,0.9896937505958117,1.0010309580255734,1.2557078255848309,1.6244672290749693,1.1784269584876566,1.3599818176848248,0.13480926012222139,-1.8619934293524727,-0.8455811982026863,-0.6061444701602455,-0.40871052773979905,-0.36628342839197564,0.2435594142763856,0.7571243357250551,-0.38022259983953965,-3.1493496100894376,0.4225173140016199,-1.1767189585652973,1.7973228714625726,-0.250053856047075,0.40046445554934346,-0.2799494329933426,1.135501896858702,-1.7420549029413341,-1.151831081191129,0.08095102239639053,-0.35929083956501795,1.6912954849883368,1.8625950986011728,2.1915367596624282,-2.4192701027381487,0.9340913546437991,0.8620919871481404,-0.23351480154486584,0.9279646498992755,1.0881780137567136,0.5692940518592056,-0.3220519302947113,2
-7.535419810905754,-1.6039392364907332,-0.9252044287956842,0.7469081719521758,0.3915284661940883,-0.41800396600773615,0.4255639215086497,-0.06762220807054127,4.4827217836853,-0.5963290157224306,-3.701690159048612,0.05750629211901334,-0.6557539966613662,2.227625721658752,-0.7075763366412207,-8.468496717889229,-1.652226833904934,1.8644997233874214,6.918354613885595,0.9254726334215964,-0.36305804795950264,0.44970228289576386,1.6717913897146177,-1.1293444347987358,0.12546597845853819,0.1635738306264817,-1.43409732599647,2.7260115837392958,-0.886082288229168,-4.037995715322569,-0.10067905937706474,-1.3473149415483618,0.8459479247693732,6.143910260795158,-0.5486206400693285,-0.29261751537977465,0.4520587508275129,0.01745268404206568,-4.178534189890318,-0.8828676765013359,-0.5933162345769438,-1.2096691854144117,0.5747203158497204,2.2417598304635455,-0.15177051294524704,0.08101682983066238,1.2934667741249168,-0.05264372375602249,0.16178024468765587,-0.786441121524579,-0.3341434961375466,0.2663802009446111,-0.08923824382003565,0.2359907646150768,0.4577706428826036,0.4638792060453893,0.7898197035122371,1.2516615454733349,-0.06824427406954481,0.0009704008253194354,2
2.573703591032185,-0.5375373018473193,-0.054982992294365665,0.6759803242439603,-0.44143216022835235,0.5357027782674318,-1.7816024292233243,0.04355037743199741,-0.9651257213524458,1.180803060566231,-2.1972858400611646,-1.6003554996424103,-1.1210627813404381,-3.8846570972278047,-0.686352577812186,0.8520750832861019,0.12276453122667345,-0.2384556944188832,-1.0817757275013906,-0.14088216965437972,-0.8032368704160956,0.21360825832032346,0.8398947342858377,0.2822900898886769,-1.081009605613,-0.5095965938506943,-0.5275176378831479,1.7311078689272559,1.9936287825185175,1.135207966489362,0.9298395239724431,1.363363350073559,1.427306777825868,-4.2448708022657495,1.8275632520739054,-0.9323541268243224,2.5829157495139023,1.7766695530778982,3.512770992339708,-0.2331253017059618,0.07121420733211899,0.5597047755339797,0.3511604670471158,-2.033303065605039,1.3240823698785953,0.6984460834986965,1.2078719351662062,-0.23582776324572913,-0.4937803504823667,1.7310936603793345,-0.5812465635807735,-0.21946409734476405,-0.3116391775803681,0.2977809631706474,-1.904000081696846,-0.060503478597377446,-0.21744393537997658,0.13275373807506757,0.23333357470207017,-0.49877284233317865,1
11.644543549328981,0.004580139345484049,-1.5478734610230862,-0.3221813710485574,-0.5057260029303379,-1.0363362889357277,-2.0163849874453437,0.7239665195911139,-3.000005758956096,1.0001267237825018,-0.40487102879805037,-0.42742290819434203,-0.849703297584393,-2.6213447560220686,1.3285040088443802,0.0429418229399152,-5.850784218861911,-0.9225722723587043,-6.802431937757911,-0.45822064062032025,0.7581783083512642,0.5624842336296031,-1.0517504300922502,0.4044511986639568,0.36427976078165697,2.28738530573848,-1.1380957377419982,2.562750435639791,0.34466951932923584,2.2253457790792206,1.1766969931676907,-0.7900759535982739,-0.6783622461477388,-2.9301360746863767,-1.6042489559198527,1.5539589089128543,-0.7811019750769302,-0.8733636698722487,0.3479373960952912,3.597440614990421,0.8770820712427847,0.2992519932599849,0.17694618489376554,-1.3196183084333326,0.7502514459739312,3.804703600340677,0.2560296576841899,-0.1394447064084494,0.8059150285431569,-0.11524054914042348,1.6129967172496562,1.1068635892603587,0.9537868655025101,-1.1830112240567805,-1.3399910695748851,0.6007877156684375,-0.31725955169256903,-2.263728609296424,-1.3721577384618246,-0.3824259581329956,0
-2.150048819128531,-1.2834760706345334,0.9410209153742155,0.0867186667559608,-1.8787239596779863,1.4197705538988987,-0.746273021631104,-0.7730492250120511,2.821793298359583,0.4357126404496749,0.8035811929324053,-0.6339598586913759,-1.0967729434551832,-3.6374282054174714,0.33006781080051556,2.0117958596160497,6.37674404126004,0.033285827857349376,-0.8250399067870098,0.4488200910708117,-0.8153381098376422,-1.0820842583275359,-0.09302707779307456,-0.6582601427232297,2.243591723768047,1.3223294454348928,-0.5790136948152732,-3.0043487800516133,0.5435342274659133,2.68099725525839,-0.7255155484803173,-0.06893979620475318,1.6065738580746889,-2.801099500212238,0.03696752054910817,0.9782939689619577,1.1135468917716267,-0.2747625531352851,0.7050758008534292,0.24145301688327092,0.684903856499566,1.2221981575557725,-0.8669707498280184,0.12175861030942946,2.469407414008624,0.8685879858246291,-0.6438275105909181,1.5898768902429339,1.9352474030431261,2.3579609284273038,0.018575945162973527,-0.03872363302623386,-2.918419745873782,0.7261611599035471,-1.2349434286706997,-0.2540197390169756,0.8286393794248759,0.23396015298487882,0.20026115810357004,-0.8456662927158187,0
13.455856840462326,1.049214853366791,0.5475603466210137,1.4972961671819256,-0.9989270113013153,0.942260273543723,0.8669866725346252,-0.07446140677587408,-2.3334430892328744,-1.2776910197522622,1.879262105533941,1.4182084894976401,-0.4868808211696219,-3.667943796867703,-0.6687040647622869,-2.334753973562599,-7.08887013789696,-0.881155144902074,-5.730523962859113,0.9880289179396009,-1.2423102778762012,-0.6288560874839918,-0.023992104882781713,1.800401116903819,-0.6666125829808521,1.7167116206613076,-0.3168562899276236,0.6496902593786749,-0.8841412943597168,0.2023535286642688,-0.870629031093944,-0.8196640161872062,-0.4402758995557659,-5.526759422884562,-0.47099167949041604,-1.194042141460223,-1.9238988726898107,2.5305388978553487,0.9666047533161417,0.8975726820881668,-1.0104000532796975,-0.5288390846208721,0.6410602694118086,-0.5084117417803196,0.37107417432343415,1.199688822530064,0.800808638073551,-0.10387689697180454,0.18073988743057082,-2.3543387699476126,-0.4394682699902088,-0.0006063508722915782,4.0256575504481145,0.6017371063881742,-1.7008040248478322,0.7001692961660986,-1.9727215281971169,-0.8291097134354792,0.38059840604307615,-0.03396322587427318,0
-3.1106147407769007,0.4830266590575222,-0.2732474474726456,0.5515112398502208,-0.6173036700188168,0.568764796249759,0.1815874107078254,1.863798199901956,2.7885508781769377,0.13729387534932191,-1.5297091692567935,1.4509709587399102,0.17234622710469064,1.3913505214119564,-2.3104567388551636,-5.698404223822792,-3.2238274744698208,0.5891821503702601,-0.8332047940653982,-0.5605410801277734,-0.0076163340788860555,1.2706548776924058,-0.28967990997036003,-1.084542776991405,-1.5010044478985711,0.8795153598477315,0.39438086057895955,1.2304936380874483,1.453509301955026,-2.6450883146883006,-1.0988495610006839,-0.0704312270453708,-0.1165540855360704,1.8032023653919893,-1.1757270617024522,1.0036356434688862,-0.2571226595401499,-0.38706978128742686,-2.7780363761307356,-1.1067203878822163,0.15818300279692918,-0.906787753956956,-0.36966534797584266,0.14596350841769204,0.1773161454734154,1.7716574741112376,4.025281291819886,0.3160750067418458,0.717626817817652,-1.5220018508861373,0.0769332757796769,1.134046927531845,1.6833633726848214,0.2534446490884891,1.1550596677188392,-0.07961143935964222,-0.6482837093030557,-0.029337605286359102,4.315631825595642,0.48036652412077635,2
7.085544984638017,-0.7732062043621571,0.6141985514243509,0.5438830143637791,0.7230800334764642,-0.18805991740035116,1.3008080298971942,0.2300027863055901,0.5747838957461411,-0.12114882513701364,3.031302765101056,-1.0832339738941843,0.08438088164566644,-0.8059960900841532,0.9947552852644237,3.765808022018958,-1.4995528498123716,0.5305700249625241,3.3157250726671834,1.4385257753928538,1.1202629205505616,0.16729890054553304,0.6281698590689561,-1.4544502643780077,0.055096492656853846,4.7243551306397675,0.7125038395159604,-0.645752390990261,-0.5963798359904068,2.0281138005447747,2.0557213296982515,0.2739131289790113,1.1842530519136603,-6.847155912701856,1.1080382094830468,-1.5154046349308314,-3.5814526254078625,1.4662109558960417,-3.6344986017161034,0.3262697162735446,0.38815309646417656,-0.565753662973468,-0.6015017868217727,1.172086162249162,-0.412141412824783,0.2160111127482267,-1.7536365860981908,1.0328581288655814,0.436715248168878,-1.1648548053035415,-2.688525299796861,-1.3903167738309679,-0.7012726632736742,-1.6372481859646646,0.4727521417992283,-1.1391497315227341,-2.0365423725217693,1.6199152873265559,0.5208881972332606,-1.105833744592858,0
3.8176446383864437,-0.03528222051476279,-0.662895756545944,0.9124665694033126,-0.12351627109154253,-1.3431982196769263,-0.09724244006400126,-0.7319918925357974,2.8778662769837124,-0.05259833656866505,3.175072208627104,-1.005146254684147,-0.050148570806248335,-0.87841708604367,0.4315583692859805,7.000900574919825,4.838562230111488,2.7902916215481857,11.41685341686872,-1.9277552593431986,0.6801629467912917,-0.8916381788329305,0.7177104605479809,1.2483763641981849,1.4421061167681433,9.791115544919032,0.18852209286478902,4.477700534753455,-2.1203387412307233,0.22303882466548164,-0.8058102916852656,-0.2649786635224417,1.0668946186472568,-12.111589385790012,0.8610848062038113,-1.6408850617178827,-3.0473272340919513,-0.09821414614059032,-6.865328852881972,-1.0666683604731775,0.7776674467161618,0.5966479047345142,-0.6127045293578621,0.47895985916800976,-1.9133093709277296,-0.7402232430139117,-3.407550801320021,0.05709198477574067,0.43678989402435897,-0.5050405181905346,-1.277049634596047,-0.7049851476380655,-4.296482089080552,-0.547876014847448,-1.3952195094364415,0.22652431854787222,0.47340803004578785,1.2681354929902422,1.1161801406180474,0.4764574533215925,1
12.618599581468441,-0.3079023422705998,0.6874652897694855,1.8180109989470379,1.392164005221382,1.495844917653247,-0.8927695258571692,0.3245675348741399,-1.1293817820418732,-1.0463604651282052,1.063241145715306,-0.5910131735271067,-0.6484135750028399,-3.9202816921020593,-0.06605499889747726,-2.869152181313182,-6.9050410661981605,1.232921095047247,-8.773859398890616,-2.149313550918133,0.5897814755343384,-1.7071747255308698,0.9727743966250163,0.02116814441485975,1.8234914692994408,1.6899497857560388,-0.23790075176917547,0.2439590040161339,0.8962839601306067,-0.13306073793218376,0.3262697829283802,0.5891239476675142,1.3334884995050678,-4.464955606061198,0.5539560470822761,0.33699291089440425,-0.14634036892404345,2.4510754139900723,-0.4545866968271768,3.090904145882558,-0.1996664261373981,-0.8246998603567915,0.710003259037054,0.8578188415347864,-1.4609592542823513,3.6538752400031784,6.0964589892170045,0.3495521016250613,1.137805822697871,-2.757266495684905,0.16855830129803526,1.9283735658089192,1.4989237500995096,-0.12610396931971468,0.14691627663792947,-0.7929474973316006,0.2519253633090828,0.11785865224754775,2.0176275822955105,0.4474555421329706,0
3.319300375083298,0.5614810098963533,-0.9502058003628824,0.7518080657722095,-0.8357714773248105,0.6138971570799764,0.16019324950697242,-0.34446948946086176,0.7753642488779522,0.3298577378605565,-1.7316579579841913,-0.3993080991380839,1.4796426959421554,-1.6169960317821217,-0.004443894550369473,1.8158573625303533,-1.8393708941437965,-0.005102637822589431,2.8379104217840583,-0.37257085426537084,0.5557288749126208,1.46646793314532,-0.38528325029639365,-1.509358590566615,0.08973696015192006,2.516238893107819,0.596335728443669,2.010098951171317,0.2590757371143357,1.7042196093076392,0.33066428510214246,-1.9139166991963341,-0.44166747121729594,-4.176867597611355,-0.8123575563110357,-0.8225783677354022,0.8568681299218515,1.7542614303940272,-1.515973956473156,1.1800240211786563,-0.11481672489793714,1.4739170452558095,0.36096409723331874,-1.1609706457269826,0.9563160394580482,1.5666895241835368,1.828479707062028,-0.5596624491842519,-0.23486326764099777,0.375446784434622,2.041711491414814,0.35035258050336204,-2.0905206086854813,1.428651082857209,0.04953488287599949,-0.30209865073949355,-0.05077200927315897,-2.4477305511044136,0.8349668184758758,1.5572439637235584,1
-5.617103181771632,0.8828393999793924,0.745873628978934,0.5633649678320477,-0.4477489222573484,-1.349436346635988,1.6800856882427537,1.3063925081368795,2.7797037141194734,-0.36768112345927956,-0.823598078920968,-0.006783639999321563,0.7074946163708229,0.2591062805238258,0.17671330370535931,0.017023159063283933,3.4919758621635015,0.1076150797463,4.997079245065801,-0.8650524300840867,-2.268434433028656,-0.5728404795997556,0.7839815422274967,1.5791355962599036,,2.5210569396750775,0.5456816381903358,-0.13444754955964888,-0.7184714212745327,-0.6977619566162565,-1.8806713442554261,0.5206266102749175,0.2897234485360511,3.6182659348274537,-1.4860576868096962,-0.4204077315907434,0.8134643275419997,-0.3361301439735378,-1.779765995001153,1.7082203248355698,-0.648701967792165,-0.662526371557727,-0.5020980236086614,0.36718878011695194,-0.7849796324438671,-3.1073294332068295,-1.908544638974595,0.6334658090503938,1.314444574456159,1.375725983947822,0.559642871901567,-0.32947826398761615,-1.864005279917134,0.546636348354079,-2.6665665421719935,-0.08505333025154997,2.627907888198509,-0.20985802861304487,-1.3445713004890218,-1.2017356491486368,1
3.224836792781342,-1.8384529907092921,0.7006936528099489,-0.9364970559185406,-1.0730781284301927,0.8033097563785089,-1.539371986161439,0.8517721635929733,-1.265838317860985,,-2.0873546013123403,0.432293344119706,2.0132954069278512,-1.0182993324883007,1.3603903947030727,0.6485467329252979,-2.2019636255532267,0.441314356061272,2.4449359627342306,-0.6313090201883675,-0.06682245884041386,0.47318049502396325,-0.8010931755623457,-0.3024898570432435,0.26082560063438975,3.445215075061243,0.48074582755629175,-1.8958418489769524,0.5413554309815292,1.5241927391076957,-0.791261151306802,-0.22769321584874122,0.10075763697998424,-2.3273505393355647,0.20202156983791672,0.1350521594576307,-2.2811435142424337,0.7372757565263472,-0.6004275136361539,1.4341539351820862,-0.4082070281520185,0.41988372606170565,-0.19347282286844508,1.6001236864802184,0.2566014781430484,0.8863235765774663,2.512821289591128,-0.5301793753161691,-0.5279648841781381,-1.3549931341047117,-2.461472113575241,0.3853578879393376,-3.2752582840918514,1.1147146018127168,-0.026402521331704926,-0.4050929157369408,0.5625959484284024,0.6334657903986202,0.3495955868686811,-0.8090585294811227,0
-8.156190701499964,1.6047319941388665,-0.8963377023554752,0.781460895857772,-0.7560909288173119,-0.7541104109583259,-1.162273483411438,0.5748584956824029,2.553999756711809,1.4934742134730048,-1.0596790565707739,-0.9227146864076674,-0.20828319975901888,1.5435417475620987,-0.3556822316105475,5.977052992446397,3.4053378954205824,-0.3303380496024384,8.61778543494261,2.1189751469180984,-0.9608896355660385,1.6501702598320112,-0.3628982294241439,0.3456221186093177,-0.47060215492455837,-2.765949925065232,1.033015744469201,-6.891832017970189,0.07812006959609911,2.1584019144214492,0.8672834100869976,1.096434561876077,-1.1582143470889743,4.385256902359678,0.8134071178865006,-0.21658478976506132,1.1286633008298437,4.818045346505581,-2.1669466037202816,3.156630260835288,-1.4913202113412167,0.02943565756810758,2.009545909525292,1.2223490670731079,-1.0302152960137945,-3.125447720474254,2.4904591474830817,1.0394788141253464,0.29258488143162964,2.535821078414766,0.6939675152043746,0.9880216735158562,-6.616262876283716,-0.5358801042907151,0.5303690609091914,-0.7768421478907362,-0.1939142256582361,0.49888019417969204,-2.360993604703059,-1.1396371191090116,0
-2.5158614296234902,0.6602060569795714,0.4336705323781186,0.7028888301358235,-0.6143546092855068,-0.07742236496724704,-0.9454633461723472,0.8365912631195462,1.7211227263612554,-0.6080786455521464,-2.4748609245527606,0.09369257994451823,0.7857040562633589,1.0209390620008998,0.3878680896835167,-5.35392503667588,-1.4179959133974513,-0.19652713405470384,3.2704697514970342,1.6742441328830509,-0.0029871702048390354,-0.3066389382657747,0.4868874441110286,1.0471073196848812,-0.447146247882281,-0.16855381454924057,-0.8971316871557299,0.4142575909416425,0.43474718909465465,-2.210350344321504,-0.8014298754483051,-1.138615833781327,0.4493915470600931,6.070682243183609,-2.1328480331978237,0.9172338451976823,-0.7710348523452917,-0.43350650318161565,-3.2881273599348853,2.3522682365861094,0.028573344958479248,-0.13651865535961571,0.1058725935412494,1.0272244357545137,-1.7409285800704104,1.009208335759895,0.7705987097287615,0.4507684445218875,0.39541757543424194,-0.0948832123448935,1.4154660000844843,0.9924363611851242,-2.148264834305838,-2.5659315673467207,-1.0894215471982776,-0.18140997392355285,-0.674113610981172,-0.03641962340895004,-3.5090585903067484,0.8175435422521574,1
11.456937514338126,-0.6699206444384841,-0.6635296713092314,-0.09163079355515695,0.3734365175854093,-0.0696811628829118,-0.0013392772860250715,0.6686766253513171,0.6029514438070054,-1.238923653562756,1.4555581762600118,1.8017987245936462,1.492747044441036,-4.970668285052437,1.800079952426683,-3.774164890767559,-2.848837672983866,-1.4424829255929468,-5.36982411343278,-1.2059913435250629,1.062099781198059,-0.7249332014021351,1.5330039507269395,2.6575111092669004,-0.6752370088846306,1.773663911491318,-1.2181086079503818,0.227596509616788,-0.7343131376705622,2.055579568657234,-0.7846902241143158,1.4091783936025881,0.3632872763439885,-4.7621374159233625,-0.40200461633872037,0.1150015278524572,-0.8493847804377271,0.544463547258955,-0.755014590947067,1.6236908763936162,-0.6252110290491393,-0.7067647896524065,0.6321598193641104,0.7212265437487376,0.47724920267694665,4.865260085603374,0.1353922045990779,1.373405942350254,0.6388504342020124,-1.2660185002329372,-0.4874282125099355,-0.7886965092092666,0.3834583196186405,0.2600606381128221,-0.09181155726357078,0.31779555072336946,1.0978056116494237,1.2127375142624297,-1.795246012819745,-0.49872630007382324,0
14.173591994689277,-0.09365776143285096,-0.34790460605957063,0.16013303654518396,-0.536018578780389,-2.2107401663600257,3.5994667806973926,-0.20446101830611546,-3.393902036343543,0.17818244605785127,4.457312528488522,0.3528418341378938,-1.288228655522481,-1.5012834508209276,0.24735201749614288,6.487546979361456,-4.690232129766259,0.53148238220659,-7.543579200660766,-1.15346799465131,1.5952829945070293,0.7515196736861627,1.0858983828772915,-0.8479530565690355,-0.9755465279070666,5.732198118257948,0.6975907356239166,1.9509942705897347,-0.13679823998536259,1.759388668894871,-0.2090799180762074,1.1377336325673981,0.19963796070854584,-10.151353074872006,-1.012077442729771,-1.0827849482691667,-3.4721586105981195,-0.6017039295169655,-1.73773495244014,2.0388911726819545,-0.4153215223103118,1.7224142939894493,0.10706028695855091,2.0956482174704503,-0.27807567204831346,2.3102792787990216,0.8464687018473535,0.6167454520156119,0.3810463339002098,-1.3169758379317447,0.06450355691779773,0.4694549688057314,1.9577346527235742,-0.1635477470976265,-0.3100735232740708,0.34977651923075964,-1.1777456475995065,-1.1278048707372206,3.543929773164432,0.1206040073075034,0
3.834640802718646,0.6296611588762084,1.1967553243089522,-0.9552754986928115,-0.7701780373404983,0.14222711665919477,-1.106596390766594,0.9722615174798883,0.7117205061590715,-0.5333327227154591,2.9627543108047094,-0.3182005910863935,0.4782608887275297,0.11315420642264362,0.3595677382881542,9.466198200924765,0.08721807936473024,0.9971482389434747,2.433110293771856,-0.4302741216894706,0.6329174844987049,1.1733910613167042,1.3045479848139006,0.9929446697580894,-2.4989974598476103,1.7843943198248726,-1.054672999999259,1.5132749539185224,-1.5421770844428278,3.6117519996553478,-0.7970667585394531,-0.4683215174764654,-1.480356278002895,-3.887984262188577,0.9027810686011536,-0.3379467670689568,0.39333250645257944,1.798750076833293,-2.682308416825901,2.7249995170936137,-0.7896156565874091,-0.972168206149037,0.37576242835083024,-0.46724957209922346,2.6306232802206506,-1.5025546080924634,-4.406378839065029,0.46465833181068644,1.8642226087924079,3.5226276535025156,1.716540657520856,-1.4278724331585984,-0.061303094406745307,-1.1179216635769078,1.2508846186131493,-1.3617247765756364,-0.5107620194616228,0.7178473826387445,-1.2685595541944066,0.23069843192153613,1
-0.4766469673427296,-0.2670080012144572,2.53547941868594,0.011814317322594255,-0.6889355391675787,-1.096749182666544,0.05568755707056431,-1.1562532311431266,-1.3382411829567604,,0.341225279745502,0.26336742850271144,-1.6446417687046444,2.4508948738744216,1.7023920351479407,-1.6534103240244427,-2.0387626830084424,-1.1329558632213934,-5.3973641678494575,-1.5058880889849215,0.7097017188775868,-0.4140968010071728,-2.279729805136049,0.637458993104977,0.850944485915063,-3.170929858602821,-1.2789306287325417,1.2223648114892771,-0.15817682560737806,-0.984772280718271,2.2306865127285755,-0.27595016539236533,0.2544927742176882,1.8373801244920385,-0.023746662277105503,0.3247955865045988,0.7675790535041452,-1.8158998817076148,0.6898850956857264,-1.3813834697364564,0.6783273957836279,1.4604166086645565,1.9273868433711194,0.32220143083229186,0.6825849883774874,2.4495662155758127,2.230529019786986,-0.9782678267293425,-0.9482466266650841,-1.3871893894727672,0.027497168772227944,-0.09638470316768964,2.2000658420326964,0.3098191055709285,-0.06676592879589122,0.36812222547296813,-1.1635631797260466,0.4900137494131094,2.0504209252029035,0.08786297334322797,2
5.5856349482821965,-1.7953290847370673,-2.0860283487607445,0.6312375199893673,1.4970820962402203,0.41163345340734997,1.069323120292642,-1.0469130963437856,1.4760081029764927,-1.4019604672402262,5.769802489302768,-0.2200632474529104,-0.3242207849235163,-1.198263491441972,-0.004918075066625105,10.294011051745633,2.9021934538209715,0.04143218195699237,-0.6372817958164053,-0.41599752891759345,1.9137516106889787,-0.7322022852998263,-0.3167381627661312,-0.3155552621922961,-1.5907649969361928,3.597036795846405,0.37235246447005904,0.7783971894782042,0.5264659732545512,3.6066679592004327,0.4726738915535232,-1.1091794598869618,1.4029769447946399,-4.561217573596875,-0.2872842252900032,-1.2843077317850848,1.135730160387348,1.120179613601328,-2.7544194631100622,3.934076277956289,-1.0561757152377882,0.8344010299778987,1.1482578425845409,1.029091136687324,-0.4018724614759248,-2.4399687163425123,-4.88429169936079,0.5528956075123845,-1.064241878909527,2.7881574233392907,-0.26585092348435363,0.17451806949680806,0.03699532485903645,-0.6686221139754661,0.5263572297019975,-0.7757981694153069,-0.20438711412644223,0.6608471707994492,-1.081982702297056,0.7961711514640717,1
3.3419033100430067,0.02841773004787723,0.7775584905992924,-0.24911005488210397,-0.31952555089193013,0.4639340419875874,1.4250264046851944,1.058184701858798,-1.5057884808251483,0.6314160222965056,0.03690667038472628,-0.7254527666890919,0.4758200979689153,-0.6844109015971243,0.6653944980157489,-6.02127894129965,-2.110662838518923,0.3466228924755964,-4.340062089451022,-0.28943384652110515,-1.6595824301478297,0.39204325123269257,2.319007934236499,-1.0847211004162294,-1.0292462473037578,-4.031557717845466,0.9355295139114032,2.100169621123346,-0.30358806882091405,-1.7889173935815557,1.3250401282502076,-0.4235512621981075,-1.5441512919128424,-2.4274426388036,-0.2880775442285868,0.3744206515170237,0.5813682397938106,-0.40583779512311136,2.615635722074922,-4.460964209922723,0.3564140440253122,0.27815156036083044,0.6859174556427218,-1.0710722068714593,0.1798355280721886,3.7802884728026718,2.0168321898461636,0.4791729782230888,-0.5983517410958271,-2.967493688525492,0.23768442803710155,0.2670521551212874,2.9750930637159705,0.529798933229799,0.401037605850973,0.8564981222497622,-0.05412530585026702,-0.979295716533089,1.1118900416528135,1.3608142278061757,2
15.357430263537797,-0.38575699962330207,1.225249004976716,0.49658419083560834,-0.06403686176641572,-0.029674942332264656,-0.7103980236691914,1.6346665525198718,-2.650577583426724,-1.41711074097327,0.3943921233547595,0.8499944144688751,-1.081300824839098,-6.541755453245262,0.40048213421011625,-8.281272981313434,-6.4966940941429705,0.9442086465859958,-6.2081119857470455,-1.7968585209326238,1.2649846649925427,-0.5646921157579213,-0.4625475254423696,-1.3855815130220728,0.291325232874699,-0.11369454787224957,-0.5742373753190599,-0.9642539368871124,-0.8789070477383408,-0.9129783728165692,-1.6831528060364036,1.4925611583320504,-0.19106238146991764,-6.632855450451386,-0.6907079259289202,-0.6910141872962882,-3.2019708369947977,2.7486635284390357,2.2115488627095807,-0.5265784268505214,-0.4470964512891947,1.2722669199146075,-1.5177990932003989,0.1651953409524569,-1.2678989184896843,4.529875536229243,2.804973111181995,-0.23448223662688258,-1.341034792292609,-3.6600262925667857,0.037243962475022596,-0.029131048484993927,1.9872538378706142,0.9970197115817702,0.9716667674833938,-0.03716632120973069,-0.8964366752815985,-1.0632772807680213,-1.9827839240288925,0.7603654278213822,0
1.45229978260435,0.9323633324730479,0.11561577685320559,-0.11498140324823784,0.2033215939283166,-1.0267586190287965,1.3085625306211315,0.21847706791352764,0.7503139108209481,-0.8085712391320983,0.8599939099424293,-0.6629556898348014,-0.8143836950603836,-4.950093746767162,0.6734781528121572,4.404822072192244,7.482611177132145,1.4171536838325338,-0.9576555275789514,0.3690531702551681,-1.2537425388961907,0.14165381825101833,-0.05092317746369712,-2.06856352100417,-1.7351586382315876,6.771713849183447,0.5460890101232297,0.8171089436043643,1.5399151458903244,0.06791715316274993,-0.6843818211635349,1.2829895941455727,-1.2426126338040278,-10.043016126174434,2.715149317222517,-0.03788023413976237,0.4034486121464679,-1.3559951171591518,0.5675167541886734,-0.19707462196505343,-1.6053761097164814,-1.3022913956863225,-0.6763683230112966,-1.5529698057375536,0.3270118250193118,0.6774531838195705,2.727891838387447,0.5274474611171005,1.5236018136916467,0.5004849379754505,0.122080877033541,0.030550079363711347,-4.455570659646556,1.4623376821633605,0.21673336304427088,0.8791523930847382,0.4483821014612595,0.5630999275507254,3.787744078419447,-1.4763216547774625,1
4.696653894210323,-0.2795464523939192,0.36363323316153223,0.05483694125400603,-0.5324301748574725,-0.8284058519642044,0.12923243202707665,0.09429756755876793,-0.7391850099891046,-0.7711632127184833,2.1776609354231495,0.735224461435071,-0.29707762396627957,-2.685265528260043,-0.662803306883641,5.7080631409193945,0.7843099173055549,0.953153621879175,-6.608691786618101,0.6686161119129306,0.07637701661006964,0.5860309701594453,1.216445983497484,0.5898516393246427,1.436759120537793,-1.9567912796831692,-0.20604566537607333,0.22903801287602388,-0.3729029968515096,2.023341776771824,0.6212335227559568,0.2895506950282054,-1.1450975471936922,-3.984005945858516,1.4856591218474382,-0.6909408015438936,1.6788327021656153,1.1195604277267028,0.8302525120338072,2.4857307388559993,1.022247778776032,0.5384650367777315,0.9441333299432593,-0.9348396685724115,0.06892866703935946,2.099429778618786,0.5908539004672394,-1.6212039095709512,-1.1027639110275498,3.6320587938762463,-0.8050848444458094,-1.6079997915169653,-0.1238837569129595,-1.89264485243463,1.7765186910911406,-1.3960050658404395,1.45769783531325,-1.012574430814321,-0.49134771356475504,-0.3590435830002776,1
1.5773142023469398,-2.10511118806279,0.028926864061550688,-0.3515118018992803,-0.5435929237236573,-0.6024016221343611,0.9231222677708861,1.202056601065949,-0.5911372455530829,0.330198674165594,3.115749253649767,0.44257235356056795,-0.7467873495368568,-1.8082819225521325,0.4126306230658756,7.655537926594184,4.873598634046301,-0.2499749186380738,-2.0975178766811235,-0.005367472393481668,0.25582964843439365,1.5167422881217778,0.08512205729781484,-0.43067330017710687,0.9591329303254789,1.1937774951761242,0.5703421268063606,-2.653888855192018,-0.30526605236510046,1.0367113175762577,-0.7620952849456515,-1.5184536589670916,-1.5270989149828693,-5.681802867971227,-0.3541527899385204,-0.002009655026961095,-0.2928686943384635,0.826983218645563,-0.11936317421814076,1.4259157972490906,0.12214071407404775,-0.7202677184105369,0.5396545952539643,1.0405079773491042,-1.720610992496342,-0.15808331439875078,2.097484711013011,-0.7992857138662712,0.1790654292733845,1.3834968305881397,-0.08923866654242166,0.9091963516995218,-3.5127319712805063,0.5920402367006328,-0.48755188204447686,-1.14207823909438,-0.48422688148195236,1.5949534514053203,1.1417569730591692,-1.4335259722884957,0
5.619862179924715,0.43284313103975297,-0.7056552824196224,1.1046550703746478,-0.8153695791425587,-0.14485979258289414,-0.5417254790471888,0.2551383404376997,-4.403865285194501,-1.808472183408186,0.8243778388250385,0.2964309331928697,-0.600061878271369,2.9125463068323905,-0.04930224437106962,1.6329865818214486,-5.552588863168229,-0.6785546936714322,-3.595836863508106,0.44573282110395046,-0.7640226227689834,-0.43662623158653324,-1.7592542762723542,0.5861371934653619,-1.1618027256970744,-5.619499993857224,-0.020549335137295507,-1.524814419385533,-0.04903119381479796,3.1051422387125207,-0.8046572632141292,1.749902984204249,-0.06646973137134236,2.419672126703176,-0.4158592780756997,-1.6456753801737345,1.1519103619864506,1.2795674299140267,2.6539014183866927,0.14461585781189945,-0.05139017799692393,-0.03110878678059274,0.8575626820018164,0.10758764407492293,-0.4004545922098025,1.3836581566201607,0.9299205865465898,-0.6818219023354043,-0.07505075452014554,-3.0318360026277187,0.5652933167182115,-0.9049105281820418,1.640098621102437,-0.8438098569549082,-0.3208845709671558,-0.42824242412785035,0.1532940018810255,0.867058675371582,-1.5114608168351555,0.2241024573956591,2
5.624564434468515,0.557787240403098,1.0298409125464678,1.1735108583593548,0.4087513488702921,-1.5495810641451597,1.9607439533981146,1.4738123336658802,-1.9031237229947515,-0.7627316470757172,-0.11883606877737884,1.1681113442371132,-0.5520495215575213,-4.972885625695998,-0.8028030133491393,-1.1337166134220853,1.93613395038136,2.3051638587541414,-4.471208104008876,1.386308268829499,0.7643960132770304,-0.9147195053294115,1.0005108677584325,1.2587094581982672,-0.09850827751773117,-0.0062994419827750135,1.8810546903236243,-1.4213339546446941,-1.4469012908083565,1.696910677973706,-1.482025572015122,0.6611590205248297,1.18279654331258,-4.689283331230538,-0.722685366601347,-0.2102077019931463,-0.7485559488988708,-0.6810467854638687,3.621198350636958,-0.408538293268113,0.9470139641596077,0.9457598534124404,-0.4751478672394793,-1.660390466894641,-1.3106181805513617,2.9097848375520514,-0.3680133216011728,-0.5454881544395153,0.3898787557148836,0.48969774047679127,-0.08286573584679105,-0.9042693980630271,-1.256471265021734,0.8720637069332758,-0.8745237926910643,-0.6737618656193748,0.47527687122146395,-0.47573581221467065,-1.9340826795064938,0.4357323222180176,0
4.741009414636247,0.11178756987727773,1.0376018056807519,1.288580572109615,-1.9033319994232245,1.0499111640103982,0.29404930171907423,0.8689061178306116,-3.7627948647093703,-0.44044834665101457,-0.9274609072903576,-0.8196590542997253,-1.0055818870854354,1.272147328502199,-1.6108984195665206,6.126989428134286,-3.363637494960241,-1.1027240394794329,-1.496768210678594,0.851618968732709,-1.4695730237679463,-0.8331277810739236,-0.543233789381639,-0.0468050753869691,1.5255954175550697,-0.8478188580136613,-0.6410038025236957,1.1163920313638735,0.7198639579501417,3.701142683811436,-0.8140488048248342,1.033436890887311,1.470714889966858,-3.1417876130103446,0.1750476832688515,-0.41868006380503087,3.3173635330226863,1.5933993482088167,2.657549551480187,0.5823598355861017,0.5126819747349824,-1.6489845580494338,1.082852278515617,-0.46815122403571874,1.401573810671513,0.7665170691382828,4.02671904160489,-1.9979920782301845,1.1271255468402208,-2.27957718053106,-1.4373932301107604,1.0184965017247904,-0.9796261453232877,0.31861664019945896,1.7572594429761526,-0.48996026897986955,-1.2596882006566867,0.8508872287581403,2.758253878760394,0.7231116118485449,2
2.4051713357852194,0.022882877345902938,-1.5292225147265408,0.5684807718062709,0.6850853720125745,1.0010109200318376,2.0755703623094934,0.7025508977181786,-1.496627100813817,0.9036127582943057,-0.4533133860458034,-0.672417510705184,0.0033759748922589858,-1.8078992548111874,0.4353148096251014,5.5704376352134455,2.2424038315206265,0.18506783045196099,1.4530452634153457,-1.3816656268936973,0.8355427570459568,0.773000929379386,-0.38647913787425997,0.142359242935861,1.0722171848488193,7.314857988578559,-0.3054566117392283,-1.784644121997884,1.4726440719776168,3.6353099080677924,0.12119270478432072,0.11737636321932753,-1.0380905170672459,-6.590222136285828,-0.3968310338695123,0.6044131625636804,-4.875456497584928,-3.0222304494224845,-0.3694954727146079,0.4545140844324279,,-1.0048971926269248,-0.9848377280823737,1.5809252429467635,2.0275819733247182,0.9075448372690211,-2.6204144628241193,-0.5326590233505566,-1.4713738480815013,1.6550373026670244,0.515189864193479,1.9691572120591474,-3.347297240489758,1.3426701094126017,-0.6409475995553304,-0.9998780742155432,1.2023486196218962,-2.0758343974058975,1.2434664549110845,1.2206406986921627,0
2.465612550771627,1.0166296748863088,-1.5062413856263086,-0.020176651701270153,0.258912747542776,-0.7049379142316038,0.13026661886902416,-1.0760056501389106,-3.5164566394972603,-1.3201902358324924,3.6299560345428823,-1.4311962225786272,-0.9366934798105313,-5.172630131331888,-0.398921029216647,9.068817362388025,8.07977070044817,-0.10186351009803027,-10.43168281438768,-0.1712389564550487,0.021692055526284188,-0.5185516072110946,0.7942566781620701,0.36649866588694,1.1679316629539074,-1.169905573098059,-0.10484222409876263,-1.139416607939945,-2.9011387818174086,0.07629489289033387,0.5275150157556011,-0.5529994328474125,-0.11010868425606624,-8.236264147454184,0.18251599658135578,0.9337462088379921,0.6598886104434325,-1.1905589754395578,5.335695051587913,0.6074225857977916,0.6890031440414071,-0.25030095958789006,0.46824329807153453,0.5790161077944365,-0.29479245077252947,0.1969737593172507,0.2519138597293255,-0.34986583899579315,1.3285794714214596,5.233609433422403,1.6939370670974931,-0.06852724485752469,-1.0624192272691684,-3.0062444281096803,-0.9463779873578178,0.179628599455004,-0.2877229739460477,1.4668244164047686,0.6088709433286013,0.3978520077693193,2
5.409750378080923,1.0527582199636238,0.15845239159628452,1.9574894226857267,-0.3011316257779451,-1.629189845625696,-0.31208185118424725,0.7527753704831252,-2.979857897362527,-0.4086936161103739,-1.2282357257999346,0.03841064620483958,1.8187975099164502,0.7062169354010198,0.8605775094800593,-0.626145431160566,-3.5816357201925837,0.167988667456656,4.746012181851524,0.9704645934759686,0.295123836302841,-0.09731929769235752,0.472129007162078,0.8734523311541298,-1.0181974206769298,1.0658797472153316,-0.7091914727630896,2.1987783039432554,-0.7661454162229356,1.4324237239227253,-1.4724063289759912,1.3212300927579208,1.5868958435883187,-1.4123784750830093,-1.0138624340598628,-0.6337994689940577,-0.6694800058467156,0.4677293285969173,1.4171990142482755,-1.2751588709039146,-0.40148239406404346,0.4348979311493902,1.0200038546361638,-1.183941540627166,0.18368732937896187,-0.8144900199062486,-2.6892305495999973,-0.9043714978997043,-0.7948653860459484,-3.033895580937645,0.049921015141119386,0.7429450628801199,0.6541126622225013,-0.17458798999720937,0.4584806238013835,-1.4815667218738533,-1.3061426653360377,-1.4702873770021456,-2.167033993277797,-0.625129377824566,2
-7.074736606530766,1.7948155266917802,0.029198150199930707,1.6783948141089342,1.231893840212243,-1.4696930760049625,0.6099986700377077,-1.3594321973501946,-0.23121912030431535,-0.1160460469146617,-2.2580550515351563,1.025667881715954,1.2438222163767554,0.1229031176080011,0.5064922338064692,-2.695671608953628,2.595362241285976,1.9996404718082499,-3.1007730488250305,0.9286055180655671,0.3319005000617389,2.208347786479555,0.6173444202551249,-0.2527159446497631,0.08775020288208697,-3.0228645512065464,-1.21658246839488,0.9025541174149138,0.26568334767529567,-3.429872075030634,-0.2781640796916275,-1.1774785826744747,0.48897774271333844,2.4006229657871945,-0.9572096146041921,0.7755542170900663,1.8728206348564416,-1.4486676400454273,2.6108884985873693,-1.7479306452537542,-0.959516651069898,-0.5904488657757595,0.04751796509417735,0.5780026254797304,1.7086092934168549,0.31460569001292926,3.231377706268398,-0.44058083886898175,-0.8561433060731926,1.3608912919632896,0.46292425944877036,1.0192674781225277,0.273264289094702,0.32977341770042934,-1.5451601954516447,-0.48773324131641044,-0.26354920408777127,0.2830211481039283,1.9653027234502816,-0.5746848072056281,2
3.01632803962147,1.4233617376304968,-1.2904166127753978,0.6830014645345462,-1.4258876753066188,1.5140705120549351,1.6593723802804718,0.6023417159172672,-3.7285962027066217,-0.1922543922144334,-2.248751066028934,-0.48081578748434,1.8488324987648619,-1.0225638293362107,1.0201968724592734,-5.40121582449229,-2.3523135528336847,0.19674580089945296,-6.795401352114378,-0.7606914479853172,-0.9293697992593608,0.05547935748301615,0.9754655100431967,1.4507827782032208,-0.7912291388390514,-1.6992631669700753,1.3890459867356229,2.305355700096997,-0.15771170483572491,-0.36139309763090366,1.6006956572052147,-1.086571610050507,0.06334108708354304,-0.28930789835075893,-0.6858332091414936,1.2569742409037896,2.384823891539222,-2.1619420858498395,6.162597771145627,-2.9874071227901076,1.3661637520350713,1.2430095301616702,-0.38636012699187483,0.5269462553651643,0.9267607075552159,2.0188212690947864,2.439927947586325,-2.930931240235981,-0.34091460288936704,-3.61256558746516,-0.5669050162868301,1.6966573032432195,3.0708437734486407,-0.0036179505688740017,-0.663336837389439,0.4802605927875318,0.1514842547448576,0.691934959018858,2.3218070489057383,-0.8052521389988718,2
2.2270461915200808,-0.3161392296396561,-0.4176967725399015,-0.7679466611050336,0.7709987615043311,0.7644421209970171,-0.6964105149058804,-0.3230231456481747,0.5667904312529742,-0.9686551322971023,4.652298261712628,-1.3042717410128155,-0.24214860035426158,1.2846436698438461,0.32730327317558466,8.724791526897834,2.617022223050171,0.16491137241184103,2.2152276035605194,1.3567248683926705,0.15809691640470874,-0.9235006229132208,-1.263044641179683,1.6268115667010894,-1.1734130262453202,0.6032675129353502,0.5889456575210905,2.0528419519320877,0.44184054493583436,1.1756465780306387,0.02281831383011264,-0.8680526791012767,0.9830486529061049,-2.646594135632974,0.44778412779995,-0.3326818052309581,-0.8786771066863046,0.05392271108792279,-3.8280322396069275,2.139840388071037,1.6100071508541278,0.005460377573239599,-0.9759111701566586,-1.35972775176608,1.061689522816587,-1.3165269233895418,-5.779777993137828,-0.7617733538784517,-0.4971801091781525,3.6368963034489385,-0.45263328463549124,1.0908450205317708,-0.30232370959430543,0.6861266342242371,0.27778819839270996,0.023185211134516187,1.628812614414223,0.7336407859527816,-3.1576588317185728,-0.4883652496371125,1
-0.7892083552209358,-0.6714297250646478,-1.438514264363784,1.1424505374767153,-1.2016488998478048,-0.5025614171084902,1.035811403343528,1.2487063626978616,2.535231438557174,0.34477657045282867,-2.236595258230004,-0.9247995055909158,-1.073435493832732,4.016587169259454,0.6322384393417465,-7.142495928336618,-5.400169834641628,-0.1179706764967024,4.68481331319457,0.4750122503518324,1.7876907310580887,-1.9217694764954205,-0.40630174467130736,-1.1196101441942692,-1.1851390290588746,2.7748002528870943,0.21468748969751988,3.728785992650768,-2.298758284756185,0.1916474981948828,1.0015364334937034,0.7186219599626317,-0.9203561754710375,8.190389670671411,-0.5043736219613609,-0.716171702601122,0.7748112201808466,-2.1207917610502456,-3.9873876620708373,1.174967026782526,1.421955007130445,-1.5539095245773653,-0.4417007057309442,-0.6948848069883763,0.8723321094033676,-0.10253710152192741,-2.7572796461737683,0.1773342421682942,0.8652761061763303,-3.6260984906969718,-0.2837314295259125,0.5994356797744166,2.0641465508337777,1.307460119141372,-1.941749441565175,0.6578825075003573,0.31429716036914124,0.10723427753057016,-1.2928667879405906,-1.084320655363474,2
-4.391087470127696,-0.18384405867081394,-2.2839612242641905,0.90189726098959,-0.3230228891937344,-0.18185104452003298,-0.7326537504674254,0.815120685452811,0.8217545484814321,-1.7378060335001404,-3.442288380155886,-0.984940289351889,-0.9817973244060151,0.6412473895257591,0.8593952043388785,-5.692411469127773,-1.7763762798193172,1.2084321430454545,-0.6433645353289387,-0.49901583511758474,0.5379580138401937,-1.1601378147693766,-0.8906034022714222,0.7592002593531865,1.4222235826783842,1.4252439925946405,1.9488015652505866,1.9546693877875372,2.048813619098334,-2.471942280095279,0.8305279225496077,1.1430935490208658,-1.196131755773166,1.8021747045446166,0.12242192471724474,-1.0346502233441088,0.2601545837899346,-1.7645784064550751,0.5363854447474703,-1.9929138778223905,-0.057902251387847485,0.09588269912817164,0.7272528561790889,1.084073977250119,0.17919694822734167,0.6547321139407126,2.8829580041293266,-0.5031953169492936,0.4862953485057155,-1.162147127300153,-0.23143159124699456,0.17827311609642116,1.5609138374167058,1.519450534568872,1.7852807297716604,-2.10218955115154,0.21306576870132746,-0.325957992728511,4.018270301675235,0.6520381052220683,2
0.38066147885017665,-1.6619707377147745,-2.8876343007171563,-0.18176798674807879,-1.2200857932478315,-0.9238971165206752,1.0052519616519302,-1.8913041522302134,4.150501636718321,-0.06284910737257522,3.8192589497092455,0.5014263667535063,-0.8849212291990538,-0.7320462330786676,2.051216219019007,4.940004177754622,4.542207290266322,1.881472893001078,2.435273065358391,0.4540062255938506,-0.15420350971141336,1.6415368145945028,-0.9169082960802409,-1.3687304629518329,-0.3326211568709526,2.1146886335260375,0.3164016807942852,1.816757254194676,1.524701368522924,1.3794362121753179,-1.1521953010845423,-0.13589801036552693,-1.2486060254210265,-1.1691182649625766,-0.045973554303480796,0.23534979888309068,2.0053577814395345,0.4847158358168141,-4.298235986233309,2.855686140020782,0.5493915286977298,-1.7283542671127647,-0.9183754733828362,-1.0767280544339592,1.2746343700449096,-1.1308165073388514,-4.134585560579521,-0.13101474551900447,-1.1132913196646945,2.7126680488676405,-1.9212743980566143,-1.3003195600466766,-1.2468421367476283,0.5336354278050836,0.08985827283323165,0.9470783769778838,0.29599822865783615,0.8428098457137418,-2.3087476256738064,-0.282389991639235,1
1.9507494765108577,-0.3789853971844439,0.1487595579481432,1.1696348936454029,-1.0081018033799554,-0.3915393978329795,-0.9792313201564332,0.08881466620433776,-0.8359537170555436,-0.7851849003734418,-0.15341081771991472,-0.10337035972130847,0.3816447954409669,1.2268830214848327,-2.819685876696228,-3.396306285528873,-2.1532651045024656,0.5046433208860771,-0.7870880211468194,-0.8381263159792453,1.319318518641633,0.22808529480940576,-0.37740474592305123,0.7482212191692428,1.0710142364406374,0.24396118564975666,-0.49092608066799537,1.5772558241876586,0.09452454981208078,-0.7856132518051335,0.43761284420117397,0.14822988718903374,0.7573927118991367,2.127717433124199,-0.3995462576866029,0.08509789731516855,-1.108505146796686,-1.9223829543532718,-0.7222956687622072,-0.09179965399393464,0.02677173858233666,0.5098955592521612,0.8931988471798203,-0.0528191969789948,-1.8776836036403095,1.2077182677617473,-1.2418641562603416,-0.6095404688348365,-0.7156318512457902,-1.7259909489747884,0.5536496640220862,-1.6886427345686514,1.1513220557616275,-0.45879750714470446,0.10404642527156989,1.4081260863513223,-0.8461376446302264,0.05263428916885369,-1.3864520291385913,2.1783746100234884,2
-2.7788620524307373,-1.1855205128587916,-0.16248701757158876,0.45376625998399045,-0.4385310306197475,-1.2692723186104853,0.01877252383888621,1.4461346371900732,-0.07791065064925184,2.050768819288516,0.9727418008758033,0.36516051681851147,0.9047392879743166,1.7224631019657122,-1.7142514168773095,2.0549492921542165,2.3302618776938795,-0.46105501399476045,0.5848813788486233,-1.0867185625547444,-0.5100558076635866,0.31440879518710624,0.7841802103791672,-1.9098951683450154,-0.6105165502949266,-1.8980035285615908,0.7738260859659014,-0.02030198781863013,-0.15765267908346337,-1.0952048634592633,0.7984433023682875,1.2619140945430205,-1.5153888577939703,0.11823207182747292,0.6381095655023061,-0.2802349302505018,-0.33591152939105107,-0.6835835328451876,-1.2064242686084383,-0.5558488833560408,0.324997725326547,0.3143115954132898,0.7110888542078575,-0.010747336685033191,-1.809961930870351,0.7425070286811621,0.6393106051589671,-0.042213858023980186,2.047543609439266,0.6773091455886295,0.24803807885786977,1.1814570574844807,-1.545604167120826,0.3428483920799966,-0.5996826175927987,-0.1417721344941359,0.21772405175927106,0.8602505865180035,-0.3476369478470558,0.30640676983949755,2
3.5331180515127323,-0.6199311700351525,-0.36912207083884113,-0.2544887459332176,-0.07043482957742708,0.9723408713396544,1.1985507031120808,0.3520976243218581,1.9880493710243603,-0.8874657319802123,-0.8601641479890438,0.9504398451293992,0.5783866764705748,-4.0003657438596,-0.29774703504505784,2.0337347982238843,1.0160980393155516,0.17587942685827163,1.355961192173879,-0.6825411066876327,-0.5727471030753731,-0.40496813758008227,1.4004400847983254,1.372153027910753,-1.8753783999182243,2.563762418015011,0.6392020829551665,3.3487078799575722,-0.6687385186691387,2.4154819384668205,-1.0699305655958893,1.171520695452716,0.9389509112008211,-4.914849555968214,-1.2270363993063267,-1.8041871096969582,4.074396384800785,2.0451978294567934,0.5551670692831233,1.160603815516515,-0.22319295292620364,0.7640295328002383,-0.04872430327225104,0.21915235965408003,0.5099279848203732,0.17384110459689017,-0.24726060142654757,-1.2966087582083723,0.15274596429765377,1.4009723500541387,-1.6338656638937428,0.18678362633739806,-0.7481522733331699,1.5059300240000648,-0.4545080473542745,0.6706220600848009,-0.8698933292308718,-0.08042324985598692,0.4520795172610774,0.8746466795891508,1
-0.7718614072338373,0.37252771630531967,0.2015923264132038,-0.30840514933874646,0.7795842461630362,-0.23036881727978542,-0.5462283687175153,1.0993266114608449,-5.129444450800656,-0.696243220440997,-1.4515855572748997,0.5894940093676687,-1.0001907279049642,-1.763271164212255,0.3684470288962431,1.6224620272441723,3.6606344739317134,-0.9458009315990475,-6.184929983535129,-0.22915065902964205,1.2969483728109685,-0.4731660645269097,-0.13710474209043605,0.2697893198938829,,-3.320878402771876,-0.7807125135227706,0.3036355891092638,0.8944138359346672,-1.052121714435859,0.9955557966352104,0.012757229055384369,-0.12475635838910348,-3.225795763316541,0.14569778206722211,0.019105375292004022,2.358290245821968,-1.5029381944326237,7.491517214089651,-2.6961122395178405,0.26429194531513167,1.213269980986904,0.6675142353971817,-1.240021229615308,0.5489043339794277,0.7538315496831443,3.848425768644529,0.14576618029373947,-0.24978098518261863,-0.3085723741878774,0.9423007227024084,-0.24368922294177786,-0.7945357484797528,-0.6078355645218387,0.43630507079679137,0.09091825085632099,-0.4796397457992638,0.8539735404780205,1.899723082248999,-0.14175932494440374,2
-1.5730787337404342,1.2036929134095555,-1.4089104098807872,0.9938312603314055,-0.538342527177355,-1.2579978771515914,-0.486612989703513,-2.460748197936611,-2.922872198084203,2.410384157935951,-2.4038034628312195,0.5574246050341775,-0.4114144421036486,1.0085216129539625,0.09098959670414089,-10.434596942208268,-3.2108929717577457,0.45093731570035744,-14.920750292143568,0.4914002795447624,1.622261372055122,0.21544853890827792,0.7647322861691327,-0.9478506246625915,-0.6410347284089133,-1.2645209770982386,-0.7082376372090788,1.3461542847799324,1.0761601959123104,-1.0549981764466465,-0.43454240541758876,-0.12541552326532246,1.0246617972315553,10.820133596629274,0.3609090872602633,0.13943296362956603,2.1020076439132716,-7.452234902403892,6.368774220277433,0.04659090274615574,-0.8256129574817443,-1.0445129163978732,-0.08104332966152035,1.0146060961750274,-1.3809328603787094,1.239442099590962,-0.7926616622410354,-1.2893502990343562,-1.2294949804525739,-2.3010095143156106,-1.3609539127947337,-0.7783454245840526,7.020882639753488,-1.2994770456855398,-1.789615461248012,0.35355106084823074,-0.11092625514791714,-0.5361327130120968,1.591452695007931,1.0592350478776575,2
-1.5592688174064777,-0.5605451760779732,-1.0649988251091498,-0.8928546408777307,2.0495749286245397,0.3796021017862546,-0.4666273875590929,-0.012643812341779493,-0.8595239484385147,-0.13693498860940434,1.2180990832488487,-1.3261981556428841,1.4976985160414629,-1.3882759163782898,-1.044141022357851,6.802584387920136,4.580445469769243,-0.39683822074464503,-3.6607444428013056,0.39148837313050083,-1.2498874808582574,0.13864589471180266,-1.2353630266724525,-0.77911797036268,-2.556317867471334,-0.2081961927207544,0.14144051292335458,-2.5138463510485973,-1.6120189006725272,0.9322846140755779,-0.28587829619347493,1.366472842343359,0.9943360798779287,-4.3920270519017475,-0.37050009750765445,0.4687497843152855,0.27713803369358003,-0.03313270574536298,1.1876241270929373,0.6406482726123899,0.31455217053676987,-0.5867830295094854,-0.15896953926988067,-1.6037520556663305,1.3488803471212785,0.7702145141842303,3.255471948993246,0.20154400179942156,-0.23182616924247532,2.4752070568718283,-0.05186516680556065,0.6698714547586605,-3.129010887386882,0.1260005190440673,0.5638631689243543,-0.7640457815938431,0.8758764619987844,-0.5392140158062453,2.4686797629936024,-1.432248655219893,0
2.463780655317654,-0.08916658163496832,0.29705577149190954,1.0886965586176958,0.6513450123530482,1.6653090460600914,-1.7093096952910454,-0.3807944311392094,-1.6080555977399418,1.4582044883874032,-0.12761918928794636,0.5375173830201151,-0.40019350101437273,0.5296016714953862,0.29434118761839906,1.5180597343314537,-1.2480844099260084,-0.7584629622998692,-2.588271338494817,-1.1634616318999917,1.1592341502842047,2.57107015662954,-1.2858026340645248,0.3940717101134636,1.1044949854426331,-0.6326295413149419,-0.6016524021814399,-1.3304958206535111,0.9839226814307339,2.4645647545415823,-1.3190638614849672,0.03850364563480881,1.0561841396260951,1.167161878322909,0.4255357748572663,-0.9702767839358374,-0.13460479007580972,-0.92492551696068,0.41886674572509014,1.7382854902827551,-0.29764257302142966,0.22308756038049984,-0.8232050973014229,-0.20890853220863959,-0.20618480062576267,1.8396977087135347,0.3333051569748347,-0.5125676574442902,-1.535018762665875,-0.3021359097773343,1.440585080601879,-2.170861570833669,-1.2103621809757699,-0.5423083361256184,0.047071686807887377,1.7858711243041168,-1.005853564748964,0.873771996048796,-1.1553521751857567,0.6933997058718859,0
0.4665815979207171,0.9913271925907758,0.8311024411456599,2.507331899615652,-0.9125785262522282,0.11037347993287665,-0.45776378543130586,0.516346379708517,0.5027000314311822,-0.2193866363294028,1.3100438964152712,0.5242670967726355,0.21162709603335123,-7.298278615600146,-0.45744660220133165,1.8559252466632727,8.996503714514134,1.6954796293838112,-3.5037991856795014,0.019701936633131002,0.17146613335480934,0.10247503063158882,0.12960703897121137,0.19684352016862983,-0.971837189404688,-2.5873407043496246,0.840166985089926,-6.101337472641004,-0.07669819742867275,0.6596068138260365,-0.006201691433075678,-0.870971643146041,0.21128072444155221,-6.670223065880321,-0.9836757876265789,0.7040754379281581,0.4083275236769912,2.1622136080424763,3.522191238041442,-0.25829043984235067,0.09300638370915183,-0.39256169332982677,0.08762192344175125,-1.2523205598668214,0.17545339862850168,2.4213897411887384,3.5360949321325714,0.6837291122205738,-0.893942382678522,2.6575936578547306,-0.6921508599087859,-0.6425013833607505,-5.857951581282885,0.8676550631815173,-2.568800879667569,-1.1284609449841239,1.9592103601118034,0.9059896893600049,-1.8633102433485158,0.1588205747650297,0
2.469419268605215,-0.5020398768122603,-0.4809273067109868,-0.6005458654598331,-0.6075026414067075,1.0476840611083973,0.7614192924041975,-0.3009380690949183,0.06379024470145445,-1.1442150961608277,3.8805748606141637,-0.5279123926863128,-0.4701243938743788,-0.8019165567814278,0.5798668390115451,7.5710080637907815,3.2384733616781736,-0.1541690383680861,0.7897406863683006,-1.1325513412662949,-1.1660658759377955,1.5917258522555509,-0.4768188244301426,-1.023552287406368,-0.7691995394213514,4.5542679785156075,0.24416255458686814,-1.095316975921873,-1.1162986350878348,1.128455205198104,-0.028491527659839595,-0.31073977327645225,0.27473797898557123,-8.502044016993198,2.1795426399757756,-0.9477185024063991,-2.1377502848986603,0.4097110145630418,-1.3887235272017249,-0.892267222129939,0.9656053487861097,-0.8114661317872924,0.08410468978281645,-0.4125175333560192,0.26484515119495233,-1.369391854126977,-0.2417476344218148,1.1116985356441071,-0.06263710456930516,0.07102289926298533,-0.8088629744642147,0.6272912012854633,-1.0339876478974674,1.5206862456326455,0.5934288888485373,-1.0243973746041786,0.7000830771983623,1.6350151208308032,3.7576312049717653,0.23049540508972294,0
6.434071017380296,0.7639486156949223,-2.198560739357011,0.004199377329229072,-1.5686751884285906,0.8043757972503324,0.23517043697858056,1.3801980158980318,2.6657447481217047,0.40263463153351325,3.7363761225794936,-0.2961881996172628,-1.2140785996690397,-0.7029819384575708,0.5548337959686425,5.643148178312031,-4.28563452559048,0.11840235966721942,3.2507187113046356,-0.4749975972181825,0.042728130505955954,-0.4671326496058291,-0.44578983385246024,0.548021227119131,-1.9324977250436923,5.228440250358525,-1.3659797069500954,-3.3480268563741795,0.46367783499565546,2.0993192971983996,-0.2748556772125236,0.7852309804224555,0.672173958918819,-6.051166261924479,-0.2663234323428476,0.8201649940316005,-2.125808828140581,5.8588580435931,-4.997740911799171,2.4887712598054264,1.8687447625416218,-2.082053001762128,-0.6618977161867982,-0.18287550117761017,-0.4024771947016792,-2.6658308650203106,2.353337013810206,-0.46801028500299935,0.31752842780349144,-1.384554627281112,-1.607717533220674,-0.9145885803935441,0.22527386600293986,0.876472955541702,0.6940364054767219,0.5073496608803697,-0.8609683672634555,0.4957254384229642,4.104744727192346,0.38493525189229266,0
1.3216708147342118,0.10158535817304085,0.3107534317277182,1.8500473300507014,0.04231206105258708,-0.9356555423317963,-1.7668353645615593,-1.279046251076621,-0.9049298329038925,-0.23792032844304545,-0.3960223659662423,1.12167631931437,0.8820265407085491,0.8829045943432943,1.189876171681861,4.039281019483376,-0.6306279009022446,0.05388742189102205,0.30016725242904363,-0.9249864386579703,-0.06982482376560468,-0.3212636692600758,-2.3661205135698755,2.526264180124968,2.064550551576234,0.07960091880474528,0.07650527183928826,-1.7526272065255197,-0.6812868468440255,1.7337887010643076,-1.1481154234813125,-0.3720777607011143,-0.5844851143578045,-1.9699527006609021,-0.7114607938582533,0.9384770550860423,0.19778753067315025,1.0916008278441507,-1.2833569053901142,1.5411902735976641,-0.5571944429387224,-0.5985872041019659,-0.980273496014828,0.6485776726027095,0.00463281470387729,2.0621610972089623,4.931441908036367,-0.6500538770634406,-6.985475412913281e-05,-1.103806781782848,-0.4736397504126892,0.196827221979218,-4.073113153778744,1.1298505923307947,-1.1740424596214953,-0.38960123145393105,-1.7493537310233982,-1.0199373381040502,1.4645093853891118,1.5209852402541009,0
5.8097382601450285,-0.5779525581774133,1.1045910989030783,1.750743240635172,-1.424100849727766,0.9178545532451186,-0.037778548205593704,0.12202991816909306,2.106477827185531,-1.887936941591471,0.3107234606217337,0.8641572584678064,-1.9235928572306338,1.0495954947230013,-0.6369222382195563,-5.77546771096496,-5.677580153156947,-0.0015507969811826919,5.843095601783222,-1.0127791539205346,-1.5686170899365988,-0.2176584152325228,2.4896282603863895,-1.2339218884607699,-1.1518718817243467,1.2730482652426678,-1.0841925089454727,2.864591717896276,-0.1574489292159837,-0.5786405399963865,-0.41649571105949357,-0.3014928889968671,-0.8406415505229099,-0.8779927554341234,0.8099921391323499,0.01767850183687708,-1.6939343879171331,1.6685891750912276,-4.812980299581057,-1.096636265531314,-1.3548712136321346,-1.362251781235933,-0.5995713693163707,1.364252790341775,1.0892782336953146,2.087601163371964,-1.1018133885506194,1.4448984241593805,-0.19835142152254207,-3.898448892247832,1.3271084279189869,-0.8942382883809976,1.2303630319190342,0.7863436506503719,1.3289755868077573,-0.46807077893662535,0.8401506581036433,0.3026622599332816,-1.6499307475439364,1.2738008064867907,2
2.5018033629287597,-1.104181142738765,0.3563799926798231,0.05104292833824597,-0.696385792092816,0.6889789347092403,-0.14979129320139586,-0.6974103483122771,0.932225662723084,-0.5254953029245336,3.3827261698592657,-0.8539225133692266,-0.5368924444039023,-1.9418908013971996,-0.7831283900500206,8.397943542842166,5.174547948165987,-1.5176276465478438,7.440925137640242,0.31280951263873885,0.3707575588788752,0.2678361725631803,-0.9427786487334766,1.059476167426843,-0.16444453822893465,4.93099346230788,1.6863852644611008,2.11108893005543,0.36068937586046423,3.211877020073881,-1.3655184221115508,-0.8928696180771593,-0.6079317764220916,-7.158436813311103,-0.597687241334642,-0.7721521608517999,2.143444426738339,2.0478851992318816,1.105716749378545,-1.1039056772016553,0.03291446466145635,0.5956557755778746,-0.8484575222929908,-0.4136734921349413,0.13110856308483526,-6.20341650704179,-7.115909285060548,-0.510314507600699,-1.6796487601892922,0.6762024887993408,1.977873720400379,0.008024241859267253,0.5663314351637112,0.35755086348684967,1.1065249250189155,-0.576536551579884,0.973754124189568,0.7493023032959852,-0.1545208181028419,-0.6843394575398222,1
-1.2425738183644286,1.1269769873497977,,-1.8132879476243773,1.878222385420877,0.017263879259107027,0.07080916885365215,0.06397831028008974,-4.730243188156297,0.24047738989157771,-0.967172812433102,0.08857161781449174,-0.1639450880971419,0.37462120055505144,-0.6936786429311298,4.2647734536633,1.5817778700873149,0.9239067512627724,-0.6711946459469835,-0.596426492207448,-0.7178699479518562,0.39799035854710024,1.213075236719983,-0.8695223684044225,-2.141135715969906,-3.8626210001960564,0.4599815948071012,-2.400765961288112,0.8155528599260827,-0.35554318813066044,0.4463715332156777,1.7123423249776764,0.22079668694470045,-3.6218781883363653,-0.37306378696379305,0.023324096991325986,0.1585001684657832,1.3649212749132245,4.789795810650983,-2.6899040838836967,-1.4314522912290448,1.3362272496246066,-0.4666170109592113,-0.8710736708952417,-0.26432069166930966,-0.19572533183209506,4.681231650508766,-0.4605543307129097,0.9936909520929552,-0.8117344348726183,0.10559313815104067,1.466288172339236,-2.273832734692593,-0.5510100773371789,-0.32224512096916036,1.642011993640754,1.5534214864028923,-0.3629540211539327,1.867111475188005,-0.7724680266194729,2
-1.357999767692178,1.1103973838574517,-0.41320667084634805,1.0735573580329114,0.4792953561910662,-0.1238641081768162,0.49793288748393594,-0.3301149233027367,0.9806994767429293,1.0087786775200138,-1.0624135009448756,0.7303441805517656,0.06936783303009267,-0.4448173909739276,-0.1935354865965368,9.971036332404891,2.478197994227106,0.9182492537296029,5.496099389505815,-1.27752748393164,-0.20844156256926627,1.2236329375630657,-1.0642101538400734,0.1538911114814263,0.20140486656235562,7.776251876338597,0.7666066945753561,-1.6995739426459293,0.6440770744584495,3.2320958964846684,1.4596672333042642,1.0314304379955999,-0.8004610835443124,-3.682640280428762,-0.1765124330814703,-0.4792882372381452,-1.7881871410527248,0.2217905124161208,-3.692408495709059,4.73388533086019,0.4637561277310638,0.41204416214765,-0.8960292143059998,-1.953771981113009,0.5344010012938855,-1.7965232683903118,0.7550415605087252,-0.6385243879544185,-1.378459106212223,3.244610215386615,-1.0429970241565425,0.27255441351927295,-6.265565177637058,1.5870941590325973,-0.8701133374055816,0.1610421314059812,0.5709119838078217,-1.7657101869500214,1.611649125572941,-0.3275108200805445,0
2.1187933218363186,1.3815278112438714,0.10521230888445357,1.287889402212542,0.4753042948266761,-0.31378673672374935,0.46239603444059485,-0.5304089742296318,1.7123076210753787,-0.5158187306290744,0.9200339120104617,0.006626420411089362,0.22449820485320007,-2.217923260838679,0.7926678402137736,8.088194147678818,3.3948317960111063,1.2083479018809355,7.3050696725652315,-0.9250837432291323,1.620774083408945,-0.3814922842799467,0.985079769488608,0.914178845430299,-0.67458245220825,4.679012294337863,2.56426017755055,2.7989903424521687,0.818696538827341,3.7362226843686015,-0.30548695105263635,-0.5688549022370869,0.9683065132599682,-8.686159193158733,1.0034130501783403,0.16285932461922356,3.0549549219488394,2.7692847252698716,-0.038099502689763774,-0.7843265685205687,-0.9723254614270641,0.1506453788187591,-0.4497711417525398,3.1011867176830172,-1.3839931327152348,-2.882313758955507,-2.462174347865257,0.3176471237228836,0.07029434853889761,0.8970392902308502,0.0824663936971495,-1.644970676574994,-1.5744952532957464,-1.98789687951153,-0.38854324938304297,0.281594410013718,0.923332691789261,0.38631450480951224,2.0262521772128603,0.5329527210178333,1
1.0880259410304804,-0.02161668689565994,-2.441242056105819,0.9091370362144171,0.9083560553422217,1.7292151432762155,1.040840840772161,0.9469616148189975,-6.829280184303603,-0.7371165856000177,0.6006981641982092,0.5314505987246029,-0.8960024549932483,-0.14404115299227005,1.276323016989261,-1.4260569724913492,2.1940745953634466,-0.028841915352694106,-19.579178594611164,-1.435502094537547,-0.4190647448135233,0.8538462898270578,2.641071749694857,0.07452847331109357,0.1843093094732515,-4.203360726803699,-0.01242847841968509,1.2932933313393427,1.1058858238773883,0.2903764321105917,-0.2328516936411859,-0.046728383112949884,-0.17415050712555769,1.9770259299387807,0.951104559834321,-0.653481566225802,2.841614532914874,-8.011342156943186,9.7772501071661,-2.1840582631282395,1.4154308550541492,-0.5267143930433216,-0.7127848787286719,-1.3740842635961563,1.0523387088824974,3.5603487458795686,0.9297285022989958,0.6915740355420057,-1.9436567277162222,-0.9724253845037566,-0.06749087361738194,1.6742610520269199,4.658286384510999,0.42443186878089884,-0.8835733438895558,-0.04015831239548863,-0.43192771915982975,0.06223739239030922,2.9435023914390026,-0.23542462455063976,2
-5.970175866588396,-0.3229332745646458,1.0683155366858614,1.1270202590210485,0.11636726496976015,-0.26059982862726117,0.4761740090044143,0.284560851325541,2.0617990666164365,-0.005723830903011348,-0.916919777949872,1.7964313337904207,-1.0936858622111891,1.3327732747560255,-1.9180806648246593,-2.416886734804839,0.8210501931360961,0.6295123578669228,0.1967715220202999,-1.7910155213588692,-1.3411597122074759,-0.30119135747862086,0.135088323550674,0.34927883471587773,1.88431684397651,-2.1920655426624704,0.3513353510658065,0.05754048553268509,-0.9384353447574062,-3.4744394163392323,-0.6520578136538172,1.4901637571597408,-0.2304400112068563,3.513880062944012,-0.21893623659827785,-0.6730001902845336,0.1028420808879007,0.033742467665957454,-2.3416290917793874,0.34092014670701043,,0.5166805191726473,0.20329350298950152,0.029302028117780606,-0.8669915740396311,0.6903402833923864,2.9340875243503333,-0.21547293576268742,0.6616999312372618,1.4164512315507558,-1.2126912475312772,-0.7027879458829225,-0.873788363695525,-0.7165407556907275,1.0373672397641205,0.276632404366441,-0.7646206181649926,1.7376723829073266,0.3787265197654368,1.5319068295157567,2
-3.694408802167136,0.9360356544839075,0.1662341319881217,0.783964247889247,1.2902138119942441,0.4127827528239263,0.3236984420148996,1.199642032783947,1.7651964809013485,-0.950135752883507,0.8306460570802618,0.22387381026659298,0.0367582265494299,-2.0283514160982556,-0.28817214615486725,6.109331868636266,5.166127020981285,-0.6483102701436957,-1.447561034606644,-0.19868511294896252,-0.4146157497769728,0.14100747969903676,0.1860133781990939,-1.5484574567682716,-1.0636458767299442,0.11997392608249502,-0.6944828758622179,-4.9574907221656375,1.211668486010926,2.614371923966546,-1.2903510847443418,0.22533188874780258,-1.2691000547030795,-1.432363447889761,-1.1423396797667025,-0.8243230120628784,2.3435088480216653,1.973013849547212,0.9716127152771957,2.08857850194184,-1.8266600170092235,0.18306022037287076,0.4236835996271551,1.0075073948266526,-0.9549886478866404,-1.1897809392986685,3.285562834279725,0.41144832758859035,0.36122159640088064,2.3363836745782858,1.670991715288611,-0.4623525237933219,-3.739393042274844,0.05929422707209649,0.9440061426614912,-1.3713668681823825,1.0006627051583439,1.0605923359823668,2.1892424781357436,-0.9753802351693376,0
7.249139272808171,-0.19662338457323475,0.12974386267144122,-2.03232092433206,-0.5354154703402195,0.3010358546723531,-1.0264942761895863,1.2536655871529783,-3.9838688388851957,-1.6145994079701096,0.19276624592478986,0.3675303687810317,0.011722857942041049,0.825364525368002,0.6946318880808704,1.0565742682852597,-4.604315462279259,-0.017251692864242715,1.5822783613924627,0.0851870081112326,-0.9315260487896285,0.09807792046639253,-2.059199509768644,0.5635974532399672,0.7443577882062753,3.0158881762453205,0.6547967986509832,0.5610324154426471,0.539053050405821,0.6643835872708839,-0.6261365312489221,-0.7022554489483605,-0.9961463041060498,-4.900057116534123,-0.975949330859647,-0.402054785534035,-4.943133802410166,-0.6698944604728816,-0.20306492163106177,-1.4192684204513166,-0.1401876313396419,0.2288179109794605,0.5568494019360792,0.6621648077773684,0.048912582392975794,0.8255300395573996,-1.1962461605888755,1.0210487402680122,0.9460377466642484,-2.6012628795269865,-0.19764828360014783,1.2088776042161127,0.6513031457119094,0.07779514799503169,0.6821376663389751,0.8932933122477806,0.31118274110024347,-1.7258596782748088,0.29154821066716596,-1.0289034096876895,0
1.2533202174133982,-1.830336501066509,0.00029655427454969134,2.4893454252745713,-2.4218919972816777,0.14812131433910322,-0.2525760650426999,-1.143133001196258,0.9354611023449169,-0.7833936214572863,0.6382071557216071,0.33396369927821706,-1.3168340845631634,-0.6588818351501874,-0.17623795001202722,2.9070360221540485,-0.5509140668280214,-0.7393427836324854,2.5632751616940275,0.714304040711017,0.5808240946462814,0.16285548178400075,-0.35612836283982136,0.8456513767671129,0.2188297181597726,0.4188455473783208,-0.24756842641159574,0.7096501018341582,-0.4546085416349316,2.448081354070249,-1.132527092525703,-0.6827143161534163,0.18212908631222507,1.4281199755086686,2.7818718053792453,1.8524598902133969,3.2392998440533383,2.662192502221619,1.033398352903744,1.901860781283458,0.521031156614199,-0.046199830751264916,2.827323900588019,0.7952672864993143,-0.3893397076716586,-4.186425054788893,-3.672745621315979,-1.1852409386045832,-1.125019030210536,1.0759109263467872,-0.910009888454904,-0.8124166410631716,1.863031106445519,0.11983941513104417,0.721511738088822,-0.3403358260938078,0.45459770727994514,1.0879042743058223,-1.570194239295748,0.7130775595362863,1
3.187408528429721,0.360220720175901,0.038480147646961546,-0.6825379961408232,-1.4041562396172487,-1.2871661491075568,2.2963832459454188,-0.6980310959397035,1.8971250427393032,1.833436695380062,0.7247650604380357,0.05638697833170071,-1.9309389819619358,0.3461179139138115,0.3147294698595289,2.0018457062359163,-2.509497348441193,0.9874531126976818,-0.4080454200193295,0.42426418515604564,-1.3814776637810224,-1.0183715631345183,-0.7375183355411122,0.17741748846444985,0.485556017229915,0.6722224266653077,-1.6165136005286993,1.4379811016309891,-1.3579636770304349,1.3507010179864265,0.9852283728730374,-1.0894971921547871,0.49514634099663846,1.1185142087002022,-1.2029235458231364,1.1142330745223,1.0814890399155928,1.0898760970057064,-4.189935543377723,4.249613951884548,0.17630069904063003,0.18828306771669298,-0.1181386049017058,-0.37142041151347505,1.8888733875541066,1.6705917655546942,0.5371289466561593,-0.38698811770888,1.1487623963785467,1.2675470453217461,0.5313744300719089,-0.6109112994492002,-1.0623258834182887,-1.491440288483909,-1.4655071290239299,-1.2105425328388018,1.9761725802543202,0.36035147577634413,-1.46362290981802,-1.0681362020645206,1
5.136120495993814,0.0419784333766009,0.9014987761580446,1.033563955065187,0.1429093876381736,1.6309231376236313,1.2290503063476157,0.35195536593501564,-1.4386536169495487,-0.4952670209411876,1.6454583859561405,0.25496700202269357,0.07230236269013023,-2.4665379828049843,-0.10578787559211524,2.5272026988469127,0.9739114833316598,-1.3334738271777349,-5.7475424130000405,1.2144208034686759,-1.1665123084408902,-0.20421936782410927,0.137325575855229,-0.08631634544493307,0.779834114078683,-2.0496960699170437,1.154230224722774,0.34860007960376094,1.2594797123056911,0.7424212633119576,2.1317700820621637,0.2956574008467175,1.5232267071788392,-2.259835106233631,0.7675000390225197,-0.8484167281617991,0.44320018044544596,-0.12890068976266433,0.5829239283778542,2.372292155587984,2.002907340126667,-1.235374907126886,0.13520708106365942,0.7604907329205013,-0.9295330772449988,2.8328675767066773,0.09988636851681638,-0.9652018926833332,0.29894278613131625,2.3175952484346025,-0.2765264803951116,0.9818989563684475,-1.0351544873075529,0.9800041845663794,1.5470501189054033,0.3838360434553216,-0.06161804479227241,1.4089215602717229,-2.8261364114549603,-1.2352933238856838,0
2.062108404290092,1.2342478154274732,-0.7573584865301681,0.1101653486945414,0.33832518878458007,1.3213117146525233,1.016820493446502,1.25934712807444,0.617662100207002,0.6675221127023412,2.578767859287215,0.18077423872584042,-1.0404637706192785,-2.846278752195152,0.15117964311290605,6.329787279070818,4.612653927455147,0.616225778793552,-2.4501888706045762,-0.8335020397175382,0.28982431655047347,0.1948049151606344,-0.35845260598715023,-1.0633087528686225,1.0199494834663676,2.520487549542404,0.5480449740059711,-2.1935616755327993,-0.647790044753197,1.4004543950212656,-0.47704074077682074,-0.10037177227725663,1.1101739409381017,-7.0673918367875785,-1.5708120331391568,0.17348697322708878,1.4680405803120053,1.5388258082631916,0.18463923238827612,0.9783050967803906,-0.7522800045151605,0.06326315480408605,0.4369610753903937,0.5706948160355445,-0.882995223500883,0.14158503276722179,4.358369186932948,-0.4887583773794366,0.11454367444335421,-0.10819845859625332,-0.8047849781966527,-0.2736497876780127,-3.435836663001156,0.6862479733319425,0.5934337596241102,1.1075653233086231,0.5348069061505235,0.4496082477099598,3.6024509609434223,-0.46917419946200767,0
-0.6059750960055836,0.3680355745502127,-0.6542960186720946,0.41282929357966963,0.4694875982907002,0.9871041984354595,-0.5559499262194704,0.9594920054201223,-1.6575616194585454,-0.496665725746102,-0.5360443740837612,-0.33907641029601115,1.9583698067843702,3.5271024719402573,0.9327532323162595,-0.2080795393822104,-3.1377902263571946,1.4203550116833987,-3.57058253227721,1.8825155308161008,0.6252338684670721,-0.6570062796556859,1.9076806343139792,0.881393639905321,0.755343217618783,-4.702238287041471,0.5282535993424055,0.17440752073475208,-1.0586245896171265,1.0677790437490815,0.1449700259319039,-0.04778753123411315,1.0348451033890744,6.358768852625251,-1.4047726829124532,0.6085825568283922,2.8418190512632626,-0.4827771674629605,0.8946036158059115,1.4283175632902387,-1.949645194261875,2.6489036213859594,1.5654256637448176,-1.683422976264183,0.8556896167781936,1.1228506458398444,1.6964811213855522,-0.41613208913699,-0.9727182813556399,-1.3237660701368776,0.5743084849776106,0.023085660695538315,0.913873604544704,-0.08136992346044747,0.6767172473503257,0.07467660720882827,0.7107005032705966,-0.4111351013540108,-0.8450318568635855,-0.6370960253976408,2
0.7074871811907303,-0.03202803350422385,-1.4497976089420361,0.8924636692276957,-0.15630476036947946,0.46325582837971063,-0.6695612297329468,1.751825451985832,-4.2098926144565665,-1.4839144438469456,-0.16671115754246135,-1.9378313195595678,-0.09462547260541018,-0.41675471386671736,0.005785161008719583,3.941911846315161,2.6757209091976057,0.2006736846424722,-3.801486275850426,-0.8284267815917814,-1.0165944618827407,0.9519329737588539,-1.2357784166304964,-0.284425486113472,-2.666217910323733,-2.0485158293596233,-0.2072494482312761,-0.3976223385840074,1.385345839801265,-0.010313916412335922,0.6332055895515171,-0.3810501178791003,-1.3113992295100276,-3.3476843832779095,1.2799902301207575,0.25999680957264265,1.10895874831825,-0.8489845095563467,4.0902817033797545,-1.0449627436296092,-0.5055304978126098,-0.9257208454693113,0.8867559129627873,-1.45837244314143,-0.08677383480723386,1.041208901931725,3.5788556945010632,0.585482307304182,0.7657061044638515,-0.6028731758634621,2.559977905854436,-2.299860659597387,-2.2361252977524453,-0.7770625331630283,-0.19590390431964824,1.4002990686897685,-0.3481571205594716,-0.1526510011619757,1.2151240742030571,-1.158884322273573,2
-4.536347247185598,-1.395973262304873,0.4597126325389982,1.155281789025571,1.128373459939224,-0.3981182867318237,-0.19279623117362918,0.48946008329112434,1.8202051965193835,-0.12780186614511707,-1.4501174086317652,-0.010298698676127578,0.8229577977676078,2.4723661720716428,1.2700492964150043,-7.788281714187381,-3.618558824638896,0.6868592573272025,-6.232224578727423,0.8378369612122345,-2.4186647623122846,0.4286184915078103,0.7918863332282384,-0.21870836500152144,0.01860803191245936,-4.300079058475396,-0.4362371033673646,1.4024512110779113,-1.7816299366304433,-2.435493563478958,1.6264922929643841,0.8275431521494215,-0.9245524387444594,7.550028766407477,-1.6251497603887026,-1.1303856195356372,2.196468151996191,-1.703853267560604,-0.26238828733358927,-0.7321125195385698,-0.6109786848970712,-1.0771069471755352,-0.7457377069338,1.292833342001526,0.2508661136981678,2.553054825323498,2.7487231495769375,-0.9230056971189035,0.2722421409695713,-0.7318138600730071,-0.10490025459387249,-0.3634241881000032,4.103252940566066,0.9101866143764571,0.06402995503849272,0.2985807512008556,-1.1135395611483256,0.8672973648258997,2.1171394861432593,-0.8290188554923388,2
8.551174566349607,-0.1043716048462022,0.09998355681474816,0.27034864918051604,-1.095422852238453,1.828146799309826,-0.3963835145556656,-0.3219599150661432,1.6493406705681548,-1.810986365749455,0.46865517907383814,-1.237330746214175,-0.24381172269372886,-4.733342799981029,-0.06306877710636677,2.8659480379035283,-1.3616640394223547,-2.425142914308556,0.29010151542260554,-0.5223288027047861,-0.5043057314108905,-0.09289728845608328,-1.0991910910028386,-1.4108476027778465,-0.46146387585751125,3.1484017108246882,-0.5116933677993495,3.9562092614980684,-0.7577898478218816,3.0533310751583214,-0.8002730514251644,0.07738327683405503,-0.26790924836555646,-9.108503419769724,0.29185260183451434,2.5430383391676483,3.5082554760611546,3.3956432017380265,-0.10134386272312608,0.6090562310978609,0.20811667747614213,-2.5582878593264295,-0.3703394465332275,0.5219790471958081,0.30433367189375077,1.4445963447151167,0.7769237081865223,1.0955122303459124,0.5384187994962697,0.23825129569647985,-0.6316809501556481,-1.1542454106433848,0.21739038103884312,-0.8061441674653884,-0.10516573407718016,0.7284440329946203,0.5681022771105944,1.797347025157504,1.8757288824307237,-0.24266001882614,1
1.0567153582564242,0.12012028271865843,0.7961336649237618,-1.8883724653546936,-0.7973445556389791,0.09439856347858341,-1.3037246310250663,-0.0013369952020600845,-4.4040763109381125,-0.8164023483019187,-1.7724486740201737,-0.9674555188501185,0.31483718989519166,-0.6992496303354592,-2.0097344653060114,3.189165626374197,-0.06764470978486058,-0.952556117994652,-4.261656101774292,0.9335837704002741,-1.305358525584367,0.13067393907739766,-0.9242207172751843,1.2405160796149601,-0.763537266641475,-1.6410239338717312,-0.2747790216527191,0.37026139875437747,0.32639655548691016,0.8263840886356426,-0.9472750850418087,-0.404099348870584,-0.5465763122464581,0.10542249557583822,2.0486315307977825,0.32149790255470695,0.33776098842855684,-1.3907019466087869,4.131489546106256,1.2345657705900048,-0.23696827557125388,1.0941174590843372,-2.8647098923529533,-1.134665329881441,0.10401821396301843,0.2859550503828272,-0.012258859144156375,-0.6315690825285746,-2.25281705904917,2.289367009504651,-0.796989331746887,-0.4362021934813096,-0.43198769289191863,1.124218803189845,-0.11528420085321883,0.7965149607928405,1.0469227396558851,1.0054027748299843,-1.2976193161120406,0.1499186534818738,0
0.2833531468714708,1.2394011334213009,1.5253332736995426,0.6252544787960619,1.1858658229325614,0.3191692505649167,-0.7541154153573089,-1.3648815747657501,-0.47149521351890833,0.46436579384435633,-0.1433817118379146,0.8526055893805892,-1.4358473892084034,-1.426063153643252,-0.3411591831082286,-2.018502488821255,-1.3828652389879312,-1.0893675875642554,-9.583622062865006,1.2242774593557322,0.22364920529220952,-1.4411017013324718,0.22574790761132488,0.6995593613610736,1.5064170235811511,-5.129915646713478,-0.26236653023108264,-2.7951851481092205,-0.3709923006046242,-0.5798327341632759,-0.2652030056403091,-0.7058310133901449,-0.8779989492379712,4.919294162499405,0.5365897673162806,-0.7412790042757343,2.089313839570922,0.814022861677616,1.7699493646769962,3.450269299181908,0.41758508210343187,0.19217479206317856,-0.5871283872223454,1.2050494568389065,-0.23120062526390545,2.1257631976366294,4.271255500974846,0.45412464617025505,0.7240876749465417,1.7795640099440921,1.7512070590556648,0.5439034835448333,0.4330073836877608,0.36646374556247663,-2.0255561949605245,-1.7663826639447804,1.233915828586674,-2.0834871852821033,-1.0910714258590637,0.45818842986144465,1
0.11032639942896426,-2.5620686834568036,0.6533780145202215,-0.8099959310533856,-0.8495211457104399,0.6286697815821929,0.750813743341816,0.6522849956480284,-0.015315581912695109,-0.7469546829883025,2.0808190122689596,0.5888638344507372,1.4789165540475828,-2.5021238035845617,0.5405201893489707,6.358600679496051,5.980649155848745,-0.7999598174529549,-2.4186053519315545,-0.3079771250911175,1.0915600018852951,1.1405803309703901,-1.4429614401467374,-0.9221713174203378,-0.8607014691119899,2.899380338068082,-1.0361587419819167,-0.421161956553316,-0.011538606124133845,0.5433221965956192,-0.436089663122262,0.2862512713007761,0.6599303697273864,-5.777877374911034,-0.2919941777158272,-0.8774123553984937,-0.6571973488484808,-1.4378193313100556,-0.05767873420454246,0.9884470215062227,-0.03680684597302791,-0.9790934206764206,-0.6400657836005235,0.47267361700344335,-0.3986919000289269,0.2938207443832279,-0.16511908933103592,1.452653078384693,0.5252798684907828,3.0193960827469173,-0.9469809445329792,-1.6673057026953713,-2.7697885355961884,-2.3309183015259873,0.295336731282777,-0.3319514311112595,1.1216010552975821,-0.8231090071155136,1.0915303358732755,1.052337940046418,1
4.643711144434765,0.24122796394240045,1.54436921590882,0.9089163105392096,0.2573567266044524,0.9904125587495874,0.03249520478711702,-0.7034315879526488,1.1070587988423954,-1.1715076452289261,0.5122933570381873,0.9574199478255231,2.19173618640787,-1.1042699442338726,1.2622453328221122,8.373055326743751,-2.0350853813617085,0.9140248992114072,6.408528472361279,0.6891293188030049,-1.2346133079847001,-1.0890357755343976,1.4332129749778615,2.0596052199686836,1.1977500275755386,2.0105418870527023,0.8758002601002077,2.359256977838439,-0.7754067583538699,6.680885769923491,0.2210893703587029,0.921222000398584,-0.25423512855534014,-3.5569703776764694,-0.5281054814225066,0.8863535077888532,5.775564420342762,5.346625522589992,1.5293858975831365,1.512576555881421,-0.3712903014303694,1.1438574374137096,0.17897948450604165,0.27647562613317805,-1.264590942512968,-5.07065789638393,-4.473707963164444,1.0572405997871053,-0.7156475641499574,0.8915584106753794,-1.2240119016099749,0.992673054368966,1.8617265124950544,-1.0140233803039944,0.09961615984631164,-0.39707302428463814,-0.800035989352325,0.06876154773738401,0.2762837542093868,1.3055220583513327,1
-0.4551730804934579,1.0346733973054554,-1.4590070064701377,1.169355423558693,-2.4500353017098666,-0.2033893193515294,-0.25336944213892365,-0.7015096733891704,1.4500946395261012,1.2706107907355413,-1.1459112889562442,2.021097770387185,0.006262280260221867,-3.6781270289850725,0.2471329322088542,4.4231566609577975,4.549437750423188,-0.08253722561011644,-1.19173240537045,1.0885682139941424,0.40864286078810635,0.19303262883244743,-1.3177656897206707,-2.437390140174539,-1.0246357515048106,3.901207926284185,0.8153563616035391,2.856498472430762,0.07725766614591924,1.3714373688133512,1.9336130761725319,0.5288005101180483,-0.45471402622961576,-3.3466702385812823,-0.01553384803541887,0.6572537780129899,2.8101701028758828,-1.120420238004788,0.17233922860191717,3.0003835109485735,-0.9421538551896016,1.3533305158553264,-1.1211108839903678,-1.622092978170468,-0.5168933409882364,0.2705158668304244,-0.34073870680197044,-0.4068626209400097,0.7468670108353808,4.224198572109168,0.20510298245065192,-0.4504183541394284,-2.7590485314894524,-0.9055791174799858,-0.34714197016442977,0.043965202778243416,-0.11290427913488367,0.3093029407742589,0.28541414253355724,1.2180228047196435,1
-2.232521428694432,2.7845881991815777,-0.03880116862578531,-0.6801685763075479,-0.09383479098043475,-1.1830358449121268,0.28937431619607523,0.6261465078264342,0.32453647954513154,-1.7200149493993497,1.3691431041795301,1.937743763269769,-0.33509901169042156,0.28978751427050464,2.490223776779726,1.0436666717330674,4.248981561129148,-0.3467541141524911,4.918432965604961,1.0774375455856713,-0.4803149184056557,-0.2361243499754889,0.28990728266209026,-0.1935157175257332,-1.4506361759769153,-0.6082090559598897,-0.23216740455974333,0.644026565702658,1.4460986185752192,-1.431639282667041,-0.5348970378210952,-1.3647119393673084,-0.7744703760540411,0.3189913408571496,0.5596990642209763,1.4370258981347397,-0.28582483522463153,-0.020271667662850268,-0.3455071808543694,-0.875043666917557,-0.6901363319176066,1.1472056875763101,-0.06929765351622226,1.160258474608265,0.40380313082926356,-2.4550448552692994,-3.8731438967173397,-0.0289954207946979,0.5019421879571918,0.7730857740517638,-1.9541051031857828,-0.12061632482747255,-0.9717907791269393,0.3878902463977857,1.2669131494908887,-0.4367975442427738,1.2313793212716568,1.4127236099687561,-3.5344485518388584,0.2685014624753599,1
1.9782994907856535,-0.5098578190466422,0.8793760844116465,-0.5852471571449845,1.4072933035299422,-0.5167840952112729,0.09863469140849897,-0.906106530576663,0.1600081195675962,-1.7684893278879517,0.36752876161574577,-0.7556191238075392,-2.336759355320309,-4.052833846489262,1.3807529677862802,6.095219746494014,6.816734801115167,-0.059015856110719835,3.0548056572218183,-0.4212007381574018,0.9865091738292784,1.425651999048196,-0.10014939044932804,-0.5630071514803686,2.8862474705641117,3.350542708006264,0.5486907364812927,4.598898401082469,0.08261327279331242,0.7126261000704003,0.23221942967536735,1.2888985062786533,-0.37594296933225585,-10.622541254650095,0.3910645002158086,1.8513401194910784,0.6546731330532145,-0.961114289159307,0.16029814074212076,-1.3323061375194278,0.10819550851496382,0.2505595069300925,-0.5683516406695304,-0.8123321349693472,-1.0443691628594758,1.600526638174359,-2.1885011036372584,-0.21510711620318848,0.3402758627518537,3.455356217304225,-0.27486556291038367,1.755956723790878,-3.6491153200114894,0.11255326425186621,0.4155830398339642,0.8622794120530326,-2.1493969936611563,-0.4702131785317291,-0.4470196454429817,0.6738134530635596,1
0.8443081947004736,-1.8869870737826062,-0.12132953961836784,-0.0852929430446581,0.1863995851446518,0.21022859157852575,1.1626951686895155,-0.9715599972759418,1.4190457085179984,-0.17636269306245267,1.9574873605344338,0.9115105268649091,-1.0482815652484718,3.0507733015816356,0.7234145437833869,0.5105785570515918,-2.5145128053219197,0.3378785611097869,5.096351423392977,-1.526889222223716,0.4080437431961789,1.3279630346854623,0.920351399771941,0.2789107180088796,-1.6983012857798843,0.6919891955955534,-1.3051516370349752,-1.2945730856272881,-0.5670718337152199,-0.24140935137654518,-2.027789330313295,-0.31054314680289036,-0.1562958673413667,4.13114881859772,1.068907459285044,0.15881399166842447,-3.18033029678224,0.9364487338447924,-5.533590561274192,2.73231774239069,0.04879247561718569,-0.26305973613466643,0.9524884604846289,-1.237024652521943,-0.9269953934500076,-1.3993246671039197,-3.150656216905867,-0.7467594515448027,0.32627037105610224,-0.14514318711140195,0.7662895675089321,-1.1228297541951875,-0.4813460238137496,1.1205914322833002,-0.22334515817082828,0.3261481606578947,0.2796574836121003,-1.4599847981791951,-3.887038491569892,0.7371730131098378,1
1.8539634182560714,0.5324113160430312,0.21581947321860304,-0.7167088289170213,-0.4629561026084717,1.0490496068543376,1.1056131129487234,-1.363542171187423,-1.3370537196039647,,-3.0044162406645905,-0.14793930190758986,1.0453114301039597,-1.176853725795763,0.0393458424563057,-5.902788528658939,-2.8525254637580444,-0.11569420610853674,0.6697350255191545,-1.5298329082032702,1.1002616032309696,0.8081105617560631,-1.6535821156248336,-0.6149035287716018,1.0389367614364335,1.8238912960644558,0.5305025741679322,-1.5478691584854996,0.27256911720360677,0.28427623723172224,-1.3922761808559043,1.2871677931498755,0.5350451917039986,-1.070644199396552,1.2035365819066925,1.1396129405734439,-2.2554389141900675,-0.6433735943180852,2.0228482568549455,-2.393145762659848,0.7595961908857367,-0.20059781493093154,0.42913286152229496,0.3432337984000757,0.8358210687248578,1.6404887321675528,1.919516942487546,1.7288798873966862,-0.3393770062981106,-3.4274249858325962,-1.2101570242306874,0.007593935378123897,-0.12453087935006857,0.4193364697739637,-0.017935480575139696,-1.0760427794486462,1.6571424649276996,0.26461384406821387,1.4594472676196997,-0.18012613109782097,0
-1.9193627795532235,-0.02745179701597003,-1.0489410614423802,0.8790298991268952,0.668801511676504,-2.053117972034088,-1.1068013259845935,-0.4675344843186192,-3.647574088253639,1.6335138558176272,-2.7837133829303893,-0.10723167131284693,-0.5764788682616133,-0.7477731779147185,-0.33912071285246076,-0.5400271731391293,0.9811312215788961,-0.0777233994537694,-1.7460601739995671,0.9405598840152535,1.2246352889322627,0.09438854971188436,-0.8847121999341708,-1.570841020811889,1.2408892275363,-1.1344195860001258,0.2881423643797537,0.36514423975240506,0.7309355654361434,-1.2299042004377083,-1.1111890996918,-2.614741992799992,0.42035731077765043,0.9683296088725274,-0.8309391458067976,2.280894135025777,1.4082019085659039,-0.8292390632183907,5.388358050523508,-0.9146190924949587,0.6511829726078993,0.29232296042073364,-0.24215594470254123,0.32186070479610296,0.3496652708961575,-1.725563118674633,1.5125810025459048,0.15202678026700292,-0.6873171430399312,-0.21116306702223586,-0.02906785964881662,0.5795401132418988,-0.006019963867420097,0.11712251532310052,2.571430744810432,-0.566147544620819,1.0416761899696694,-1.4246065874159146,0.32845992652133593,0.914208994398929,2
6.657184613647961,-0.014961264940073526,0.6459879389507739,0.48385340296412244,-0.48810447055334544,1.1750235819608383,0.7171645276938028,0.03905630269221133,-1.0473902772357542,-0.005419438626362428,1.2136016826712401,0.22357735750267665,0.4685557690590049,-1.8136786018684512,-0.2968725793574062,4.7571218424019195,-2.878382480262986,1.4645135502668567,-3.499823331979659,1.7152660421517096,-0.5595062655451949,0.33087932142350857,-0.6495556998528855,-1.2139581182762604,1.4574875117453714,2.208875126158752,0.8041065286233584,1.677867569455409,1.1333347881479368,0.6265472087034218,0.8301343993786057,1.2020025384680104,-0.5315858834859571,-4.216738262204264,-1.0215171358638782,2.1003632799853182,0.2695213154619325,1.8184764320643123,-0.9979333604656547,3.42251873534219,0.008576002002431258,-0.7717746470135227,-0.2864335185057189,-0.9133232441222866,1.6064270979322581,0.10225920373637298,1.665022413708508,-0.4904144607484205,-1.012546076514275,1.51785293196003,-0.1327352026461722,0.06350146467145669,0.4336914752179213,0.7461709845642717,0.2955004831135006,0.9807372318674138,0.4635544299986427,0.5287625271833402,1.085315294416797,-0.3536705842866262,0
5.14512848948223,0.060257677332475244,1.4719063991135422,0.168209014684057,0.9644150056162036,0.8363018006717221,-1.0173348511899962,-2.015183664357737,0.2206114810673485,-1.226070592816307,-0.9306939736987012,0.43744107766558654,-0.7610251844943472,-2.4619909637364286,-0.9773375592187207,-4.157301092894487,-2.360825884733996,0.6141292794504429,-2.9435260089873307,1.2864820646444746,-0.49022159201528936,0.8632189790174234,-0.30160213364304606,-1.606237767474656,1.0182095845526968,0.9072951179280938,-2.61929894950093,-2.612598057937678,-1.1351618290319083,2.7104843210405516,0.36254257013643854,-0.36304077340945273,0.5190360780496264,0.28106622140093235,0.4184638591137938,-0.8691939785516023,-0.9814536577505235,-0.3063754280340796,0.21975815692927483,1.4111040719592944,-1.3385296707761687,0.15393019309900502,-0.04084296751608182,-1.1226314450393453,0.6347826399703193,3.5411823158956115,0.913018346234706,-0.10282413047994443,-0.6292727907739142,-1.6578661478921368,0.5945210754565203,-0.740317570747505,-1.1219232116334963,-0.6553775160676849,-1.0649332891581382,1.8372383927745388,0.22478690273215843,0.08114251895541082,-1.4271964582271095,-0.6532959778593946,0
4.89725298059438,0.7383787755162603,0.40891065585279646,-1.2415192126682126,-0.036273486299103125,1.1426506859624583,1.3243632465163238,0.6887475614835336,-1.8359240984152025,1.1629638077910605,0.3868581925138388,-1.6235140518990299,-1.0667587025870346,-0.7491718517241486,0.21606875405378725,0.8389637407339254,-0.6052313035768244,-0.12472124753473521,-3.9281847420064837,0.8701072171118006,-0.9291924493536243,-0.6973586719919581,-0.2936370928932739,1.3990147807170314,-0.4402323527166804,1.426465013396805,1.1640240884688566,3.0081838918197747,0.39760347454539663,0.48735406047417085,-0.2863893452327766,-0.11293675104493842,-1.630438153566735,-4.72880192494499,-0.08454257444998729,-0.24258518400176635,1.1074263158593727,-1.4998569837912537,1.0706885105785644,-0.8677412056421412,0.23221401388035184,0.024218367019116872,0.1260539214271048,-2.2403993534303606,-0.198449352294723,2.70440797362098,2.250457228059895,0.17052514739614677,1.1518238990681027,-2.0686856995958625,0.5580837617460735,0.7844695175240562,0.111572246327445,-0.4093283036056944,-0.6979765412447562,-0.38754351451567076,-1.4798766963763024,-0.961339583807264,2.4891791660735936,-0.7501868260821758,2
2.7691900151528426,0.5596133111374442,-0.6003413208861589,0.6734207454257233,-1.4065209736662652,-1.2061361405326994,0.37914974503720295,-0.8371492803108523,2.19895812122469,0.9909092765185041,-0.4334447841397563,-0.9711555309755305,0.528111521830045,1.9832455991784403,-0.2856949351208236,-7.476727864116399,-6.77480684525673,-1.850493852070098,-1.843979545537201,0.5923318935934154,0.6870795966389414,-1.2024968325514074,-0.14645043860624934,1.0399224875719943,-0.6201712755516735,-2.1724510830347445,0.032230965896991384,2.570209665507395,0.3033015184149609,-0.8626863305712967,-1.0014565736488015,0.6349406734850633,-0.36238814884062515,3.4325290122292946,0.7612504996794223,-0.8861305829958052,1.3741958546465152,0.6460439676084333,-3.007695989569735,-0.4265985559346247,0.11769353456468422,0.4073056154421532,1.3210340257184807,1.1640872223715197,-0.4485122449410041,3.6645383121587916,2.549672657256663,-0.1683452984795869,0.03713041324963083,-3.479559811181838,1.2542792429588745,-0.6713358712403146,3.1400760710149767,1.0235578633747033,-1.161213812781844,0.592574154073069,-1.6832793260130887,-0.2720881547094755,0.9975070728353632,-0.3069623187761501,2
-4.726203789290756,-0.46958571810338157,0.10829157745509856,-0.7086402276059957,-0.8263015170894239,0.394778625689483,1.0992286456937617,1.6361122418152751,2.0293567221106175,-0.5401528548523482,-2.846579647098104,-0.4098676371168663,-0.4689536964118154,1.9883155570507858,-0.27440434558511984,-4.608673816515953,-2.8908880963535633,0.8321929081361997,2.2274237486145765,1.0746081737332354,2.0558485322012303,1.4493286079516834,-0.2526057291573542,-0.8123013486825326,,-1.7823710558634693,-0.41920347014897574,0.985850687977135,0.6418489339569671,-2.1008845600466515,-0.7260901581591734,0.4683924202349281,1.0572237417686166,3.3712052357398767,-0.2321171489463939,1.031782025643939,1.736414813890546,1.3556748345390486,-1.3519432135238838,-1.1217614048770326,-1.20722790597933,0.6150889841493643,-0.2902271976252409,-0.17717175902780072,-0.1729014168980767,0.6855881097172684,4.519815725323834,-0.009648332950788853,1.9173229941374061,-1.4972329080247808,0.1528399157242538,0.8755845824216522,0.3524243119815693,0.3293356628720912,-0.2218723282821758,-0.45872166158315036,-0.5951220210072045,-0.5625784026497836,2.635976035026312,0.3081137166429908,2
2.886995588176583,-0.4405454580801205,0.716278561620927,-1.097069838794651,-0.19239958642323113,0.036168879863462296,0.8020333565868,1.0236368684889219,-1.1345193756479357,1.0094039652752418,0.7228147679787775,1.357202549927807,-0.10285142408903888,-1.942996237723061,-0.9787692291160085,-0.004445519876448954,0.1380768152077944,1.6571020105521643,-5.945255735706384,0.3564878887747759,-0.28999314694488315,1.8035613396506396,0.9806325151099338,0.6637024359376729,0.21915468154634335,-2.2553376243345657,-0.8599400676694224,-3.521255228960248,-0.43379529970952274,0.6471455322898274,0.61171957368172,0.12974820522680247,-0.09972510304127943,-0.9848439992516431,0.6580277789165053,-0.4176686877209948,0.46805600990633556,1.0250117338385791,1.6001012739890232,1.2205473174043509,0.19202873344921131,-0.3831175371339934,-0.524814508895144,0.7826968722466642,0.8640127755004468,2.449744325319503,4.676723188539963,-1.038898541287495,0.08492916224267365,-0.8003676939182919,1.5526684444211052,0.9057617524709435,-1.698458540114949,0.8555399492531273,-2.8147146994918133,-0.6176954214462698,-0.5530357255183426,0.4672046572459251,0.4127231049370733,0.11912109791789109,0
4.654234186109272,0.24264434005752022,-1.3714133622209317,0.8456838706948259,-1.345680011235545,-1.0297051233112262,-0.607732083345403,-0.5361732189006652,-2.007520210087475,1.2885323390484889,0.18312364836480755,0.40339208010055766,1.9157505646965478,-0.4503644668817366,1.5776980986926428,0.6740244919216625,-0.13718359166163005,1.830368729375612,0.6451209413222578,-0.72879661443714,-1.2258577184581305,-0.22202593093985984,-0.8858472433546906,0.8083139309969207,-0.6089159295957041,4.50432714459325,-0.94914955082587,3.985433834728231,-0.33146712664824407,0.4220901933636918,0.11315095396657325,0.15139721949004023,2.2208706069728894,-2.79719863425021,0.825885381675968,0.35900664095439205,-1.1932656518864726,-2.897968484245563,0.3418834322624456,-0.09474685449204745,-0.7999318715922092,-0.7412071352020831,-0.2963029975041068,0.07528204464300677,-1.1712461430373189,-0.3177009553570478,-4.011578099932919,0.2923753399879998,-0.2746970396646077,-0.9148222689957939,-0.7234095483227376,1.4340376645215838,0.811952268916296,-1.0077777902696416,0.6741682405914167,1.3334002343327247,0.21901352347516367,-0.024159109580291657,-0.9700515682868294,-1.830042452683682,2
-0.8934835212790421,0.9581361576114047,-0.44635250520094677,0.32288280162923705,-0.8917758310250058,0.41492890906870955,-1.0566978381736165,0.1814722168586413,2.5391516591030845,1.9085978716906984,0.02011832295406324,-0.028992391918700365,0.5547320688485579,-1.8136120546148673,1.583650556092384,-2.3183044786321574,3.090307382291393,-0.49126340627583076,2.2559624172439916,0.901462134831806,-0.29085386910933625,1.0895929336599202,0.6552247474263606,0.5827396266601188,-0.7768694835821801,0.3216399625427464,-0.8675819660364124,1.017076072620531,0.6067961573212856,-0.5841124434438183,-2.106283817033566,0.41865643065286473,0.3476322610575045,0.8637227530101509,-0.22022623456152152,0.8890663261711518,3.313641671816955,1.0745498380551062,-0.1297249433140332,0.5166649729979942,0.46487922081604455,0.7471359032087463,-0.501923799627993,0.7518636032335019,-0.8776223901494906,-0.9302557130332552,0.20221157769082443,-0.18391151734873337,-0.3894628872870704,-0.8745450062845541,-0.8404212882585693,-1.0326550162967236,-1.3038488994378963,-0.5212315578387503,-0.19745103155759566,1.6521699778678494,-0.4775365376919456,-0.08154635586935696,-1.4250432119110779,-1.1470108150440823,1
-9.362888273583449,0.6456296045090557,-0.7841636049283146,2.4062239228532394,1.600163638865061,-0.9486019051858376,0.7131281076945163,1.8859903358828205,-0.38136610694850037,-2.003373748891115,-0.6366776969241179,-1.3285446781163972,-0.46694227575382025,3.8865979256848338,0.8984186716271502,5.652434677283948,3.258652247804382,0.12390388003001514,6.327367412574029,0.8484893276377898,0.5743579922911557,-1.3813848745522488,-1.3489517343057593,-0.8936145016560537,-0.6448176215288473,-2.823394848728262,0.9824943391405768,-7.280409497589085,-0.005391499726866356,2.4123361475458234,0.8264808703602766,0.2636894870694937,1.2204495221749012,4.93232062184721,-1.1881483810458113,-0.23462429737885407,-0.030316775421476372,1.859907255053797,1.1148593776341233,-0.1863559430407835,-2.033940616888496,-0.4430533997579966,0.5184928459641237,0.07183290770666434,1.296083449079435,-4.183895352264117,0.826131692710278,1.6337010173475504,0.880450194105647,0.19417783026560698,1.2222277083548394,2.840886393001498,-3.785884253136266,-1.5668084244584022,-0.365271252607501,-1.6029075617983968,-1.096757167029321,-0.3084693332099046,0.027966883144570964,-1.0381581070413235,0
1.4770150124655086,-0.937743729926471,1.7381334189490159,1.4838337799736498,-0.7275519111522949,1.5718213057772534,-1.1438752154986225,0.5593545550683591,0.7207397023065354,1.6589306719960346,-1.6118234551090391,2.001749889303312,-0.679054554722906,1.972065219402699,-0.9766370227959653,-5.642391462420182,-2.877409710546095,-0.06107581452163294,3.5765206444774122,-1.3368580454316261,-0.41925562033291613,-1.3579864499176084,0.5048787222674764,-0.06689147805761735,1.4851753159393708,6.362162726672571,-0.13788488484080905,5.159019260249799,0.9677266858348189,0.02550866618436176,-1.3096175918540411,-0.14805839371089172,1.136533030172828,4.240062760763567,0.8706504584119262,-0.13181652107794706,-1.364722863795064,-4.725407983224031,-2.322153974961948,0.4733474008826126,0.13835868235807394,-0.5733990864584053,0.47502661455496215,0.6392324657830095,-0.6993190447320454,-0.8394897454966634,-6.380816722755337,-1.7949128865633281,-1.4344272524810264,-2.465267198475882,0.46487509281238837,0.8309175467000115,2.54457731047685,-0.4188747078246074,-0.34875781259575744,1.4903119443553483,0.8051876288889297,0.18552577363828002,-1.7228330115652852,0.24578418637557284,2
5.068022519310976,0.8016932382559767,-0.01099604841136882,0.02357624443051119,-1.2141587550346613,0.8691172369833301,-0.7147321845109091,0.637998629068246,-3.85022855465426,1.2186626591435397,0.7338074616908241,0.6404125685001011,-1.024838162912178,-1.1610049785293166,-1.4862817309347771,2.413613598661325,-1.3219958517330415,-1.816635570449106,-1.9817859862443674,0.12205887957272939,0.05192987730453137,-1.9209318358947143,0.16431279780054833,1.6309012756323256,0.6694763375097366,1.0615053058160626,1.1247678912376766,-1.422316721364108,1.0311599848356707,0.31302233824128145,0.0772726276736602,-1.3439689817701164,0.12599615430350974,-4.343569266762019,-0.7481958150577084,-1.3207939428146998,-3.333831972957515,-0.038482912599573815,2.059677064420231,-0.4988968977103674,-0.4173380398793163,-0.662201367124373,-0.1937473008614538,0.4179846345532963,-1.1124351753597888,-0.10416732319670374,-0.2446158158671796,-0.7173706948704426,0.6083432986787269,-0.3255253000031011,-0.9873106754887971,0.04182777050348789,0.23736603635501652,-1.3188567758433491,-1.3593238066824391,-1.1663176265903294,-0.9219547275193818,-0.2619303648367475,0.049757110084912126,-0.11299362968768209,0
-1.0737384016261025,0.1437694823160094,2.1857798122711674,-0.29539461869916234,-0.5318893575017567,0.34520177722946915,-0.2982594873149079,1.2637668460554767,0.6997427609850411,-0.47459896860377837,4.6737757298942615,-1.5842838926266432,0.3550562782389196,-2.5668992856276716,0.3112013139588193,10.301381120731081,8.645569945521567,-0.5561519282933344,-1.3657022576105997,-0.46960465648185074,0.5371605014609561,0.0674058868378028,-0.06236933943665402,0.3861546881598157,0.22505538920960913,-0.4668873617218461,-0.4571599635514496,-5.766661009556692,-0.8427966022418615,2.9402037317952106,-0.2657598187128918,0.21629645840187064,0.0454111731176399,-4.995043297228741,0.5891778342013787,-0.4119058399275515,-0.8705059049129795,1.0396925090564342,0.12881474153607977,1.6049121875536,1.4420057976535152,1.2172750898905649,-0.9788478383233464,-0.7347030366600157,0.8569393037181088,-0.968750441879022,-1.6469347132482017,0.3769089416264014,-0.30892864434973827,4.515653914484952,0.5756795225354583,-0.6488521834098897,-4.217238070421743,-0.9964159831663135,-1.5709280571217674,1.10501843885161,-0.5175860524662734,-0.17766325602506206,-1.3165772206565163,1.9586547683670905,0
6.172090829237323,-0.5926436938856765,-0.5672617146575817,1.5656896170260923,0.5670692187855894,0.40057677142778625,0.4022988556883816,2.0492681080367143,1.133450356852737,-0.5046946897455464,1.3909763429365123,0.26985003550871284,-0.7222187689499412,-2.937461155820253,1.7960683292516828,-0.5072381678635255,-3.8214454026459954,1.9346252967373612,-6.3571599486841235,0.12773455294429992,0.07758372113457053,-1.3894535097427898,0.5438297064032385,-0.10744907275618028,-1.2300530274124641,-1.4830319262241385,1.2601095323954874,-1.0748565545100834,-0.1333803341988265,0.5080823813684515,-0.7730471867768427,-1.4029066495584066,0.20239045730913388,-0.5884706799894048,-0.03840433566908717,0.8059540797314746,3.2522460657778565,4.336023722528964,0.0788611011889321,3.480375064211705,,0.1669672791078544,0.23473030240974177,1.5314828975216277,0.1345889759377787,0.6520806038190664,4.938155773283953,-0.39070561391242825,-0.4983930877474412,-0.48677363566138643,0.8784350761659566,-1.1978031898773356,1.47336016420964,-0.8774885721949597,-1.0852679397855494,-0.2849047666215309,2.6147989353617693,0.5326488764818643,1.2689783667784789,0.1284805329184348,0
4.126347544917664,0.8969765383056015,-1.174685093954566,1.8273147061406683,2.0711874604661467,-0.3786948024688523,-1.729610402575156,-1.9969708855706332,2.165954113715625,0.0695297843718018,0.6308275787075006,2.335979169852869,0.16524064711871986,2.15382628289366,0.036661028391435285,-1.9734616008453678,-2.733361460595051,-1.2519371984131011,6.4251161297237385,0.25705696964386854,0.9052651392522558,-1.4027129566977294,-1.2668417742669893,-0.5621239364427009,-0.8557206347536878,7.636592797651754,0.4008386375030977,5.226086110503591,-1.2374224467290404,-0.20022276743012912,-0.18247148050350578,-1.7544430932573676,-0.09438214930550137,-6.983165171916985,-1.9317163801395008,-1.2431886414656417,-3.399716056502667,-2.360517138310014,-6.259107615882645,-3.3687479732082717,1.1857164095891477,-0.8059016420588736,0.7566846105886573,-0.9097734043438013,-1.4776636900036277,3.112365538187672,-0.5341872265952593,-0.6656527394549884,0.24108059617535185,-4.733553378851313,2.655760448912665,0.6578400064890101,-0.056577970699347,-0.3879548133507361,-0.9435402090283289,-0.08814467569194438,-1.343333102278666,-0.8992316805805711,4.2133298936281705,-0.6786976611376271,2
-0.11904910319470519,-0.39360919851076015,0.4721747695624056,-1.0722193151750352,-0.252551119909847,0.1623531982622372,0.12302556252815537,0.011046992438890324,2.530777177100993,1.722100808495339,1.4404149677276323,-0.6285037469175081,1.1384301165616377,-2.4195538364381304,0.20648550442344962,-3.6383226744126898,4.171753988889968,0.10062154621018295,-3.8696180777446934,-1.5028086360348138,0.1594684144376553,-0.3159992942617299,0.6694082147838158,-1.614108602266012,0.36357339922926096,4.493981588017216,1.0158811842157383,0.11076634771568983,-1.2172149911354793,-3.92731569057022,-1.235900545958944,1.949956519387341,0.12363446702036025,-0.27362411306887946,-1.0698396961154837,1.1328694237200454,-1.1016076500221357,-2.5936399273674318,-3.2694946756396486,2.500018530144644,-1.7343433887243878,-0.41886765560850914,-0.2418474900034682,0.45092308575758394,0.7286249643662206,1.5407606428571206,3.249411351057217,-0.13337954839921126,0.06136020635066978,-0.7072851088003418,0.15332517926225814,-0.500465395119397,-2.6844189995409047,-1.1647489923337202,1.0044900263698198,0.2491564415434541,-0.43773872178247625,-0.5001416530366266,0.6272847390863425,-0.259835116100364,1
-1.3533310677836232,0.514521707658901,1.9595764925613313,0.22442652782080005,-2.0413282315401866,-0.5190859400202021,0.43907673591353236,-0.335483684779733,-2.9239811670751994,-0.45667609791034813,-3.955307202862792,0.6243538498382896,1.2229045587074296,0.273480148494914,-0.15991735757443354,-3.389360404040245,-3.1436661654344626,1.1972281027897675,-4.052522801266785,-0.410983775992668,0.5901203692210223,-1.2160180289712454,-0.4366179105960483,0.8735284720697164,-0.9362444090937311,-1.7958123700582151,2.0903436487360345,1.0988733685606769,-0.7609740047478325,-0.08236146027140523,0.44498600340065014,1.620572086231685,0.8110081035476873,3.9267220057816834,0.7144632000109268,0.2811155809967153,2.9278704101840214,-0.8570934845627788,5.349824842433861,-0.5321368710948862,-1.3472276573139326,-0.8257388277899137,0.12826744021934217,0.8040047938218388,-0.9029083658510674,-0.6126635515512493,2.4153344547502282,0.8582360484879797,1.2283006637440759,-1.2888667749526879,-0.19623490861274198,-0.10613652470252924,2.359669307319363,1.555136678050814,-1.8189666777081364,-0.3719157608230296,0.866119515519332,-0.3702198611982933,1.8174194202495402,0.1280312169445326,2
1.0850803484761904,0.21884719971240618,-0.33442930175952745,0.9651872929431821,-0.476005928497531,-0.7997432417844527,-1.2122868988120306,1.0371673372625017,1.940906547699442,1.4336313443905568,3.555056542176031,0.41152111633310146,2.437670488428023,1.1778650157747137,2.3135334402524523,4.042495042829317,1.7686243477997017,1.2401404930868394,4.468023187331312,1.119010768352883,0.9389908443529246,-1.7629347523899312,-2.726899501326338,0.05027912162758018,0.5628510660967102,2.4918963413741833,-1.9617209542629601,-0.3425321344134853,-1.2586212573679436,0.9657375564530243,3.1335366595433243,-0.19065074818788855,0.8819680656685556,0.09735783264391111,-2.133837287998371,0.19315905569883116,0.3230058852455846,1.3833510556812743,-3.173944621890698,1.8143463173264127,-0.7942139637638352,-1.15052070397326,-0.12449806810625247,-1.5953508922586457,-1.3619783292285363,-3.4662852797954655,-3.134258349495083,-0.5687888409488123,-0.9276402379337387,-0.7092682815361622,0.18372395187767115,-0.9044730436030222,-0.4830015455983184,0.26814410680986817,0.11792456757427858,-1.57591969680431,0.34528038993807686,-2.5429972642968655,-1.375339983516207,-1.7664252004439196,1
-1.8551529881236277,0.5121445264962363,0.540102787129729,1.9469123360789875,-0.4232152998682912,-1.3493100547414034,-0.20584299723508792,-2.1944038873761773,1.856718509733724,1.825537038023988,-2.026644405097712,-0.5507270177628557,-0.8255810416535906,0.19925497160576766,0.6289641080405277,-4.782117594600429,-0.798734537558325,0.17478482580652052,4.533993492411251,-1.2392874673043803,-1.5443981788774233,-0.7311954406273489,0.5508779440386216,1.6111149824119573,2.0413160322592208,2.74654531320531,1.3522441416460782,-0.27887230298714094,-0.44699593201448135,-1.5254640317843973,0.39105690774524765,-1.0427806538333146,-1.120691582383748,5.180936335771819,-1.4344157588479596,-0.6038845439405806,-1.7214869417534229,-0.6270761896527248,-2.880049015622724,2.4172988953769785,0.13569017540545353,-0.6243376512561662,1.0048722690599978,0.4197153887313245,-1.422121864330431,-1.0715081276257767,-1.3723871633992437,-1.5803056396160509,-0.791658658455098,-0.2698225308275517,-0.6057510370112883,0.21355944438023328,-1.573477865673728,-0.021733492928393876,-1.0411071232672129,0.23943202139122532,-0.19848235146757265,-0.6894796975078973,-3.2199043414518176,0.7006525500269745,1
5.423964405816895,-0.60357111914137,,-0.6833634608028478,-0.760875876171995,1.1105061419766535,-1.197987606077978,-0.30492951907956495,0.6279418098532725,-0.40497993500227303,2.910263291002074,-0.09505960548684177,0.998670116760872,-4.749835005084192,-0.8652838723927825,4.704525659602055,2.1501342980613076,-1.0661885459367826,-5.71577028378138,0.321152000176856,-0.5918753924132033,-0.11388919276702249,0.3461154531549492,-0.21129761703842476,-0.827326801649099,1.8839600071184592,1.64816482457069,-1.8165406330578717,-2.0673148867236435,0.7171534329546416,0.37534736354002013,1.7852568660765002,-1.537953927072501,-7.16470314466484,2.684656339055985,2.639308869162179,1.8370969079437955,3.037714798925915,0.7006803659922783,2.2538899893027686,-0.03912463355335285,0.9395973718718656,-0.34484776693099867,0.8071695157932223,-0.22482866333639537,0.11523732743049453,4.734252953114124,-1.1486766320735913,-0.45346844064634545,0.6396315753739625,0.4375122422980228,0.7654983086389202,-1.3012878071418619,-0.5030693995550923,1.241560030737091,0.08717855687070324,0.5015610923592241,1.191246297390677,3.149293441846809,0.3160927695682939,0
-1.3358397930558774,-1.0831818341537949,0.36147796359573986,1.024141182652062,-0.956826881984917,-0.2511263054393235,1.2034884254283431,-0.14676429699879126,-1.4829098060336554,-0.4109520680145248,-1.546479089057931,-1.2942806619641185,0.922011325247332,0.5265044151832039,0.9052163290676052,0.5110279677108276,-0.6340625249077084,0.70555074738604,-3.9550888636315205,0.37099092379593257,1.2000811889373437,-0.5861025217233722,1.8242875053367738,-0.8333017525421654,0.4194812299378129,-1.0496490279507382,1.4965814010654568,0.5835592139796668,-0.23689749070480384,-0.5646299928511572,1.3153742427340387,1.1104364690696817,-1.048392936238106,2.8713120491396285,1.3313823614274247,0.09849699466216971,2.135252498851056,-0.7463880331071414,1.5923963549195124,1.949142868438607,0.07388600926228413,1.590746783726565,0.3588498899437657,0.28960256604648826,-0.8147727765905983,0.08821727313740091,3.0456053269484746,1.4179282276890408,0.923170834577182,0.3726045108591489,-0.5941180005624731,1.788602503124546,-0.35401551483465066,-0.2726438078900072,-1.53584951466072,1.0519341203666208,-0.28515227035343604,0.08115765207318307,0.8533670979774848,-0.43569787994931936,2
7.879283010227964,-0.8403897063395901,-0.923306101850534,-0.19391854192387575,0.40745843994710923,-0.8503008160355342,0.6967591430191588,0.4398258070310824,0.5938019523920042,-1.00983007609891,1.9513598864308546,-0.18123463387869396,1.620840176903156,-0.4508357235208117,0.7987686614735513,-0.7984685912291947,-3.892450787575642,-1.4855760701034757,2.1748251057903993,0.57473624647703,2.122026046300686,-0.14884751516211372,-0.8157111106269598,1.212999364250198,-1.2834951356741566,2.5629358055715157,1.260472962353059,1.7622796144045298,1.0623567007229204,0.5427108625902816,0.016171798945745924,0.20952923970220724,0.06951562370045135,-4.4693581327786935,0.2343432388502992,1.6581702066941584,-1.6667874868891477,1.6520168229629606,-3.125422743737343,-0.19978942245739617,-1.8772239269451998,-0.08359642835863292,0.6667853446724203,0.9544290765859523,0.3258834633502335,1.266848506409261,-0.6165061049991766,0.08420100833937201,-1.2574172205790268,-2.7311838665087818,0.06038314729492472,-2.8841544357623343,0.9922233571420085,-1.7504077354475045,0.039842322188179596,1.261463984866183,-1.933637041009678,1.1173355400019835,-0.047171987370653756,-0.9867551891712364,0
-1.3505067288039165,0.6240659748112869,-1.6898360245591053,-0.5689465122804294,0.07912268275917479,-2.0069303289812357,-1.1845085301794887,-1.0482290209604836,1.619392755417939,0.5632811347670267,1.9210534662094445,0.45181825649554924,-0.5971942512852318,-0.8076020145101563,-0.2292310028121693,7.123709395852829,5.638479029353611,0.6292641163439292,4.307692759960428,0.17483730603549721,1.3705168356446544,-0.4647198667929127,0.585862528617211,0.03432199683105384,0.4529157593490103,1.9185909605249665,0.5015070917140133,1.2025432516540984,0.5586348831048197,1.7669281339538199,1.1243134413060067,1.5974233628262424,0.1876378543642535,-4.687124463848633,-0.36586628069437727,0.3269740534294587,1.0413137898249152,0.3081760386656993,-1.3625466447996033,0.06929600117160539,,0.19711833512270038,0.878651675380188,-0.14930466732200925,-1.2247079607460514,-1.2704558280594165,-3.0196238717003365,-0.3263335657073688,-0.20335826350199554,2.7788711062014406,-0.813223031633301,-1.748013693628663,-2.5216470062814187,0.8681234727892986,1.9123439317969537,-2.350244682017548,-0.7636308663285756,0.7053405829585855,-0.50697208553215,-1.6275252402537044,1
-4.1970170637744255,-1.1306313665012095,-0.14728152537964492,0.12482258541783234,-0.3590614078663869,1.5473190217036412,1.1405841256369669,0.3690613822174326,-1.9308109735925272,-0.25281931532784097,-1.3771061224189347,0.4055131193217209,-1.4853259317756367,0.8522054324682433,1.353448952699478,-0.443847007036849,-0.32264797080514945,1.3438131134612856,-6.185429118873114,-1.1797976093024727,1.9439668237751293,-1.0255409596240397,-0.3647404078022363,-0.42792828930147525,-0.2818785284450535,-3.364496779480274,-0.8712474741467668,-1.0270115662113781,-1.5929983406041293,-2.0427443745482248,-0.7198272516814679,0.6579379074831078,-0.9696813659468673,0.6076384366731921,0.7651138673969547,0.9037841378242668,0.9295543740832087,-0.6125291835117532,3.2167725651127923,-1.7973749680492603,0.7029026863029121,-0.13349408006784486,-0.37598232100460655,0.7332175335475767,-0.38987113288628134,0.9681851104248052,5.537375300305522,-1.44385946610564,-0.693313766011662,0.19487586271284396,0.44094418719407386,1.6049207926576357,1.1389151418133374,2.3667293037533432,-0.7207480823478093,-1.7088374725214388,-1.005279984386417,-0.06950835956701353,4.538661634502285,-0.037448365089695616,2
1.3388593918745508,-1.3778984665331833,-1.5918220522307343,-1.3821152379431123,1.747662555630899,1.522279130655842,-0.6867536326354768,1.096433128404843,-0.7378822674022716,0.2879755419142188,-4.079554470896165,-0.5303212520069929,1.5781624846935967,2.748917680603565,-1.3598951199530165,-3.0104107916271663,-6.57854060610155,0.37272402725589654,7.632588274219984,1.1409445323532863,0.32410295159315233,-0.013100404731853994,1.2562792155161797,-0.6388466986175998,-1.1096035807763627,3.228110578599024,-0.4827978425641864,2.8645667229622793,-0.5964964070189619,1.5511701456981797,0.05166573570240984,-0.09395656009507429,-0.21042156610892052,5.023303810785546,-0.5744979483692321,-1.3042673743790596,0.5057831046816965,0.37402162927872507,-0.7551425160054679,1.2668873528460898,2.1793453990456633,-0.6915301162068738,-2.358713848355779,0.18235901774691093,-0.4052034008671678,-2.5839479983890037,-2.4149179625592425,-1.5203710323543804,-0.317189869148808,-3.00417258336307,-1.707686041136845,0.8691051213945836,1.0034284863494516,0.5661613562018004,-0.0026769058100083918,-0.20406319607926093,-0.2806825908490981,-0.06691910966804687,-1.5405550247180444,0.26732050937813845,2
-7.9616003464924345,-0.5951392018925902,0.4360981925979724,1.3105277374814128,0.2567337250340781,-0.45751490252425736,-1.9232136978347663,0.0654172128685894,-0.9423642051486317,-0.8220538954011098,0.6053862008674207,-0.434463513285341,-1.7669873806862209,1.5324769337879047,-0.01808705681645673,-2.1530356960936645,4.142400937246165,0.5854957930502042,-10.122880924426694,0.7731645302189882,-0.21819784025973687,0.5344303775459021,-0.44640716686283827,1.7098883646519427,-0.7934887438803548,-3.958332325956787,0.20027874186617795,-1.156540194767949,0.21805618061417575,-3.4341074222228283,-0.28133830570870655,-0.84248319694085,1.0457465631098726,4.130423300558097,0.9294073937190811,2.1726809240189207,0.1866696853684403,-4.840025021009605,2.7884919991146,-1.9004466743493484,0.40424659998645,0.08682436629654747,1.8244393204175344,0.06983380860211862,-0.6796001255987997,1.5881248808356476,2.275951982179543,0.5235429531979446,1.4043876657184458,1.601918096496012,-0.5768954572780001,-1.075386212957734,1.8921919376477856,0.9199072255746391,0.861374183263478,-0.4305642308749538,0.3175395415113135,-1.4161413233888327,2.9457797416786105,-1.373777059571515,2
3.7197384538205736,-0.21365118686149553,-0.10829207219647255,0.24747081082315747,-0.1841270085045376,0.47555113472368177,0.4272000835183058,-2.4621201109260626,0.30871553843444943,-0.01191838997282392,1.8363986994604753,0.737176098051193,-0.09166329085024545,-2.295796595854656,1.3317853130429567,2.8265999426723845,1.7527810806462738,0.3626246914354842,1.4684277198867366,-0.20514267256779198,1.0726444171572447,1.7677318123639285,0.939830222189191,0.030785990176296255,-1.683044556561648,0.13152132555964272,1.1190002325401045,1.8008058164430012,0.17781174992377502,1.1297950101442047,1.8615597076727957,-1.3742745555547298,-0.8049756592501087,-3.762370934090039,-0.680214622272303,-0.6894445375093416,1.4416543470832237,1.6589276418194285,0.6064258365233804,0.09872644099037009,-0.37247162239009696,2.0044650639397426,1.2957162884732945,-0.4233605562747566,-0.7139565666114869,-1.1581868184593855,-3.333217020300192,0.06066499789673189,-0.6461754501263732,1.3493229741449873,-2.799191846895975,-0.9164662137923275,0.5290585164802348,-1.9796569078072588,1.2622119728929073,0.5053884790955535,1.1079024982750985,1.0569723333995764,-2.149275104472495,-0.31215121733579176,1
-6.476665727441149,-0.3931798165590337,0.4671889437544451,0.48430529021265456,0.5312775900968102,-2.2900968616551434,0.00022894185296255874,0.026686050574548932,1.4955660251213208,0.6766799547820018,-2.8209484764349586,1.1726320605161729,1.0231699691644132,0.4210701092906628,-0.7321474900998929,-7.24894150593799,0.9046927688044563,-0.7286355715610763,2.937546088641803,0.0815070410804269,0.4273781045139113,0.8078429477283845,1.0536952023110877,0.7756236860632354,0.7241486189076388,-0.7942566087772344,-0.011585584630339636,1.1605932457746961,0.5020803847533076,-4.1933440916044145,0.9639126806770419,0.2549218152923649,1.1790703533762246,1.9598624830425169,2.454858020042945,-1.4472134608962595,-0.5625076214790885,-0.9384294933084419,0.27292097670484394,-3.679656905535301,-0.17142091371090493,-1.3789597272191136,0.9429839542607225,0.5515158689800774,2.1868064936580462,0.13976960322284393,1.5199215800796955,0.20835267216111605,-0.9906439503462869,-0.9401960770504205,1.893308567799791,-0.5120231283285058,0.5882672643009299,0.7026701917317993,-1.1884850184469973,-1.3717498305412779,-0.6153329456491483,-0.9460178765196012,1.3407534059738522,-0.7432780781582758,2
-5.686176835063543,-2.294381509403703,-2.235657614656583,-1.211018351702203,-1.4626022271731902,0.37821728101145463,-0.027966058777054412,0.49666879318063917,-1.2236868175061444,0.44415202082106486,-5.840403789476569,-1.2412180240230364,-1.0325824379938604,-1.4159221516126754,-0.8927843039485224,-5.802756366830735,0.2591573749209171,-0.06055779254339352,10.401148506494456,1.119593555895637,0.3553528812395208,-0.7097793572127951,-0.985578741187551,-0.65301469808036,-1.240430457832238,-5.103856328974017,0.8526748436150817,0.4114419813301564,-1.016571137578464,-3.9635787786839827,0.5083097056604505,-2.2749152891201536,0.5326357433023468,0.33469722478259745,0.8947475499648531,-0.18372445568045048,1.478000853477474,4.8101728685224465,4.591835842365876,-4.818908549313408,-1.0433717277965953,-0.15109780500927686,0.38536891116929683,-0.03475587404646305,0.21606809225355242,-2.8267380395006385,2.397918283149372,2.438550473075926,1.0692845501673507,-0.6942733388759028,0.8467833481950757,0.2611775464333317,-1.4320094384261863,0.9090722428854773,1.16987825164613,-0.8510142538691337,1.021896801884939,-1.226354385446892,-2.306651685083936,-1.4109676558529485,2
-0.8333633829319138,-1.506125477688831,-0.8873923901075258,-0.7954379476369655,0.9092972263492204,0.20267836338519074,-0.47940171370599405,0.7534336932473364,-4.063198195179212,0.3548133746601196,-0.23814729245835542,0.6422097723112623,-1.921100753132963,-0.48866477498818695,0.30269799437673267,5.399475796808606,0.30272590812497374,-0.5955207903359794,-5.066248912480974,2.015530261362825,1.2941853496622873,2.062212524038256,1.8999396666228892,-0.37845465357745733,-1.3435714836728943,-3.8595769829622153,-0.34719725961785775,-3.1758190978754777,-2.4242503239372004,-0.6294746413341681,1.5263327284126937,-0.367158519953864,1.739323140242075,-0.29772207644131365,0.1715987730679549,0.141778370691434,2.2284634656740887,2.8352261402561005,4.9930416667160475,1.2606137170867493,-2.5890639346884994,0.9634512222855411,1.2538668888237479,0.24321762256106638,0.24224698393162536,-2.5191656255760964,5.753986188102412,0.08676420557898726,1.1818593381092803,0.842403584769009,-0.183334343500785,0.7559960527769166,-0.6579089056128813,-0.5713715869529101,-0.25203873658628795,2.2331938466511856,-1.0764768099771291,-2.0106939095820673,2.114832464660429,-0.5732826225769339,1
1.0092251094314166,-0.6045785427062709,-0.10295236792730951,-1.8481812594592524,-0.2066434484485968,-0.9238852039807016,0.5789492039018337,-0.6704037796439655,0.1410664173353119,1.5648245823317362,3.3755348466014743,1.0933744290301948,0.08941544805952387,-2.4890249512592777,0.25470609301528135,7.009924970023985,7.013416373284832,0.2324462875879104,4.413326463972014,-0.6421477928806911,-1.1287870965945777,0.8698362829825862,-1.3578319231401605,0.2635372569274943,-0.6731199974909797,2.336796863889822,-0.08633759034791415,2.505468690961142,-0.39620032347772827,1.2742401019625211,0.029872934561497446,-1.0799029428917373,-0.8830430889968823,-5.415459537424844,-1.0118369278698578,-0.543824867207432,0.5589098813369489,-0.0880770554878414,1.3801493700423648,-0.8064651679227652,0.20401068065449843,0.24879613547918442,-0.061948125491617795,-0.1807575779702265,-0.8326360607366181,-4.449983750239795,-8.948199587890059,-0.07342048068810475,0.44025091362240193,3.720451244342308,0.16784230558231225,-1.3526568139846495,0.5186985596706939,-0.8244384377947748,0.4749472858853531,-2.1224424968252937,0.6489310560329222,1.0083541831904825,-3.388086721776791,-2.053508911219397,1
4.845480320590703,0.5592636894286356,-0.9358602221223686,0.156881147760773,-1.6299094594989507,1.3564337101657322,0.5634519323954991,-0.6488729993676847,-1.646449322977401,,3.3845116876139048,0.48825061798489505,0.22008232956098164,0.7936684949421948,-0.8718277665578907,6.562814679605925,1.882852466670575,-0.023868404004728505,-3.7031946708752432,-0.315661249001483,-0.16571942867342454,-0.290737219804481,-1.5540759979695884,-1.821920549320722,-0.19761047802168252,4.216536891139964,-1.6134594081376321,1.453822733573248,-0.14928525472364426,0.8687766315645377,-0.6380915466050493,0.07812750349478562,-0.8015739380786786,-8.718245299886577,-0.7877401608956308,-2.130233595786918,-1.9575927606197552,-2.8234122608465233,-2.31910591805357,-0.6519818368651982,1.0911490925355023,0.4756960322125993,1.1296545487203085,-0.7379979499461239,0.9324838522703204,3.491041224050875,2.941805552320055,-0.1757656039253121,0.30854590263921694,-1.8972223950902942,-0.48377275857399915,-0.02996506648874011,-2.3063017864231465,0.8318276221453004,-0.00865465392050398,0.44610636250790753,0.5711580368167886,1.4552604937184808,4.692141110455529,-0.8627910357403081,0
2.8885161843380662,-0.31847323368835706,0.9363962849613726,-0.8409683606310597,-1.6336016741893802,-0.24030906814483508,-1.2940480543188981,-1.1759135156696274,-4.132395238004045,0.511010278770317,0.019173880632387008,0.3054968869801836,0.017684339431070815,0.6712997531177609,-0.03809958267396152,-1.164617403046569,-5.189189103456657,0.4789115933028156,-8.580033863843568,-0.08030060220394074,-1.0279696769286086,-0.8534409200680431,2.0032069492693436,0.7405399180288891,-0.16855634638378766,-7.712007126719642,1.7573096398147392,-2.0703477258160095,-0.31608534160627566,-1.8827983960747248,0.25256749038184045,0.021993992804293625,1.3343318268520439,2.6309519762544897,0.7106959978348593,-0.3931028374395457,3.2245721935841525,3.7206073737041936,4.674920154023961,0.39624929188156865,-0.08051151750257445,0.8653851340737699,0.5176044609906912,1.571578738949,1.1883472676215194,0.14988894080141957,7.956764390501531,-0.34151367231905744,0.6707432750579384,-2.583761018200669,1.9131450564730104,0.4895045009181733,2.547644225481628,0.7705010183921014,-0.9870969204522275,0.3332937166127775,-2.146055106718261,0.22282263385850226,1.835079593705748,2.0287135304322885,0
-2.8363545351615733,-0.6735902874392508,-1.3655418554707826,1.0224761275860634,-0.77422194215489,1.673844259768037,0.28844322572799647,-0.03793469562762447,1.0375098001778005,0.5207567733814612,1.5361700547352353,1.7673863326594845,0.08714500271659474,1.5155492288464611,-0.31671433113945885,-4.829445622960207,-0.1872627328881419,-0.5114736562743465,-7.544349343945993,-1.33403462881851,-1.0973927473089864,1.406543147176675,0.039097995600402106,0.7720356474234201,-0.6444757702153827,-5.86707425838481,-0.817036930982798,0.4658911137290911,-0.6901900538918181,-3.170699404012369,0.4509291195454621,-0.149010616318601,0.722484243566068,3.1904127783226754,0.048243688084223385,0.6421827950995298,0.3135616177533457,-1.8228598615035652,-0.6666777495384222,-1.7918826646949613,-1.39866190512287,-0.5688904096232748,-1.6189116969725195,-0.21412691826881255,0.1962438502353954,3.9819091727896394,2.160922762388283,-0.10211156711669947,-0.46398728473117107,0.4348477053660422,-1.2649941562610405,-0.8739775322681247,2.7841702932122803,1.7395045965380636,0.03044155942814713,0.3479869077986218,-0.27363273984341374,0.237964891899888,0.8243093021154565,-0.45570160897378864,2
2.435549179375114,1.912554689431941,-0.6488724534890523,0.22663641748209828,-0.7159499673934974,0.4899173090725113,-1.1912146166826818,-1.4198156949020975,-1.3843970976684088,1.5097706448075194,1.3029083184662333,-0.6784091983448722,-1.0688282306296446,-1.213163413585529,-0.04656310130606564,4.098445437770978,-0.4757316562245641,-1.9682706341893295,0.25789724129872943,1.2119499354877503,0.25236883678735456,-0.25345987875653136,-0.3293123637339053,-0.6125935489400272,0.6135459131505667,-1.0506327280622143,1.490338121489666,-1.7314398657717902,1.5039565336216543,3.4372062238634395,0.9420759410995008,1.0663055674688349,0.4555150049898566,1.9941089479063603,0.9583757046480575,-0.3195506422953036,2.3754267727231193,2.7424661475421117,4.030995235337967,1.828992752326517,-0.0040794715040313265,-0.5804622057825858,-1.3081889298203062,-0.7782778477402827,-1.5505822962005054,-5.549914414543311,-5.413574319631375,0.15057652064562613,-2.0097553612366537,1.5738352957755033,-0.5597191599556809,-0.5060459071847999,2.9793079703290513,0.14904319792466986,-1.0170494529513343,0.7459864966917888,-1.3557059602369106,0.4507576272929965,-2.840489856878822,-0.7929763467106745,1
-6.5565582667953946,-1.0421482998089031,-0.533044435386697,0.2584257707883491,0.20895445213315375,0.4720883506306324,1.7556123851014458,-0.789518839110313,1.7110761679316373,-0.3472907381533582,2.1912852712022257,1.0186908504244077,-1.0476236977701687,-0.8424798699431085,-0.15206328166124988,10.432522195705767,8.870168187688396,0.06684824964102819,7.010460573188346,-0.9607292638076759,-0.9651109322826832,-0.0006814094431951005,0.6500191061181695,-0.036530349682143665,1.6673852179425974,2.947648771892171,0.7704561914272967,-3.81883681920665,1.4951244101964767,0.7114729152729331,0.8266474465370726,-1.3991775812272325,0.5489445177665526,-5.474351554334337,-1.1653248318627252,0.902077023395576,-0.9206962089635202,1.9950651526453078,-0.8756340424096178,-0.22875796322378616,0.2957256262707503,-0.8052987855879996,0.9420191570415324,-1.510927729873684,1.3007918992485574,-4.8377996501548015,-0.8001430511223134,-2.0533843835409216,-0.07392991673480406,3.5794172654761587,-0.6583732136264119,1.3373151813650062,-4.776982613520037,-0.06981039017768698,-1.6308214072069103,0.6323951789703047,0.45386015695535986,-1.3989750886832097,1.6469424242324315,1.0470683163633505,0
-3.5733224827867827,0.9517816603236241,0.10114284144581506,0.8204786195830969,-0.9435762899283295,0.1715941620649114,-0.2587802203372214,0.7952907609706656,2.522217431189439,-0.37606880777811863,-0.6096402067922764,-1.9313836649426879,-0.9117334276366605,3.592128462529465,0.1263180830336694,0.2769796965937422,-1.0265653734928877,-0.23775273805544583,10.545288933454211,-0.07866523286254021,-0.41385884310935467,2.090214687137168,-2.2432398437392296,-1.0486430788055976,-0.9252274374790533,2.477189987646957,0.4340516364110974,-0.09991125448752936,0.2575938606238543,0.39762643582906687,1.3827660035426448,-0.2944240848305464,0.6033909931799872,5.867295703474692,-0.3142506207998759,1.1782373344185941,0.09111003586803246,1.5150678744105708,-4.178625806517595,2.073002580057757,-0.9896081122814591,0.950150030210835,0.5045780561876572,0.9226181605535483,0.1674481106643085,-4.462170920652513,-2.9815607497291525,0.08723842080615696,-1.3904769934405894,-1.37601339128212,-0.05400660274753027,-0.75872232098603,-1.3949272262711785,-1.126829739967246,-0.08307134704086709,0.9685086816382776,-0.6244541087598886,1.3404440443429446,-2.5738038082777175,1.1633254000085318,1
-6.30505731397509,0.27575306862036825,-0.9441514020199524,2.152323913943458,1.4440376642358839,-0.13135057116585946,-0.217742987155521,-1.7221949241039127,-2.875955076521047,-0.4013162962609817,-1.0722455921465144,0.46406026713731896,-1.0398806986524123,0.5629265265081618,-1.6342730417595783,2.873026508634714,5.4107674345147885,1.6124977669390073,0.15812489588524542,2.1664601897132316,0.21244805750114776,-0.34843900520717486,0.5081794378196715,-0.6368882119212407,0.3609832510278513,-2.023045858247638,1.1252709514233556,0.30126480299493774,0.1576344355386553,-1.9744053533344106,1.304439038682118,-0.8193702550792226,-0.6198203250972202,-1.171046798027118,0.43508980673210995,-0.3218670690091402,-0.03624662276205082,-2.127333491285401,4.058140186809945,-3.0513817435962203,0.005928747477721646,-1.2487429534416967,0.07154670703300095,0.15941938144907356,0.9348357230128954,-1.4817454355677069,-0.2604627239552791,-1.2622984722217219,1.6276452207815595,1.9142221836921873,-0.7352004571534939,0.8780873850786999,-1.0605764644631264,0.11716621904792983,2.143161518021853,1.4075104142222452,-0.5355686939228255,-0.7211614613590017,0.6618492750129943,-0.6151118311102411,2
12.068448128913378,-1.49781345654043,-0.16474093010410207,-0.8497413321599213,-1.3336515825838127,0.49818614225615515,-0.9842244815608188,-0.16500736136634184,-1.6177572310976813,1.8140091810749837,-0.18745296459138583,-0.44449902821020504,1.7473763597099061,-6.162157757935267,-1.0934867336859668,-1.1428226515999151,-4.185373518492186,-2.2693739291541783,-9.787236398979948,-1.8007003177768348,-0.07715264860810528,-0.523057240038586,0.6462341311577152,-0.14211146116354398,0.18413277302254438,0.4329879336083537,-1.2797979861194704,3.9045854977829695,-0.8566506314107953,-0.4080683874354396,-0.8117587769496082,0.405719196379236,0.14735127314324467,-4.917436116372248,1.1403134150026082,-0.9242957231516289,2.064010245523665,1.595081895218003,1.255805175334914,4.310360349466279,-0.6180966229483876,1.7912650641707064,0.345151149806441,2.4988673861657866,-0.4511632200042967,3.931476585581366,3.3854630108365273,0.4819577872476852,-0.047683135241226755,1.673699510505669,-0.19221760030265714,-1.8039666406946775,1.148371351313933,1.0826835169836817,-0.6410762654407186,-1.2337728415555556,1.0837352980540136,-1.2749914506155353,-1.1325647965257546,0.9260682458279109,0
3.181635734920411,1.0389977216522546,-0.17599780277269508,0.26263236710816534,-1.1239758598967553,-0.2681554440526296,0.8431672040012158,-0.2763354049265346,-3.271666414147382,0.5317752811656771,2.977417442185436,0.29674046475479215,-0.15920139497905889,-5.223812331479943,-0.7585099906854254,4.669500507938926,5.915480679038172,-0.9172777514525626,-11.14399417639523,0.6475894731462453,-2.2677523094508922,-0.8550819654660907,0.5405025205710983,-0.5515004059896605,-0.6656150515228548,-4.781922700624484,-0.25105816819874177,-3.00665679717556,0.8787341730031907,1.502780370823599,-0.5229368893874647,1.3094562257961135,-1.9918997971571244,-5.577294725286825,-0.7702466639973587,-1.9008545894959628,4.5498490194736325,1.437979551504991,8.594142625449805,-1.1315388111870717,-0.9361215979378245,1.0446506356327596,0.5617981643277984,0.6885633678861546,1.7569581734178839,-0.18380864703198807,2.8569684045177888,-0.15990967425109323,-1.3465166880254602,1.0398381045460647,1.0966389429608352,0.17814026253173637,0.6032927958165746,0.23014065126717523,0.02566645505371209,0.7070998874893646,-1.078732899200186,1.4463076047942056,1.5274282996304454,-0.3685632050028,1
4.451969637698014,-0.130801219789871,-2.1333720733363393,0.3825999593287268,-1.5299242320096162,-0.5090017618305099,-0.16796036964655253,-1.3392633361542141,1.464075510669203,0.6330949778695086,3.1865157019417443,-0.9081916412932373,1.227322438138098,-2.9115802636056882,0.8797684959457444,4.952256388631771,1.5357926464311762,-0.016671304395135284,-5.55652520606681,0.8090076368472653,-0.5441905186460121,-0.32326877439227036,-0.7893954765857517,0.6355863542987947,0.17297010594416382,0.9308964824418754,-0.18276132798463166,-0.3915603214670369,-0.44268389543081,2.089875295569918,-0.13803562188224064,0.5084011208320753,-0.14193494678428714,-4.343951810911938,0.26216196044069456,0.30604495358511286,2.159843456208466,1.4765062134013889,-0.702502126450564,2.7286628555920274,-0.8140371230174078,-0.3091309953130807,-0.9920420253174967,-0.12041671401989905,0.8723174158868706,1.021841054771076,1.385282289397298,0.22298653883572364,0.34407331452816153,1.8767288135656168,0.3836990542108262,0.5002705218000001,-0.23595890321619295,0.8931365923302197,0.7460938150772825,0.03854673388916923,0.24767206468977693,-1.680154047758961,1.4988816500706958,-1.2142751046573363,1
-1.84012257322162,-1.0948437452267061,0.09739682207480511,0.041102135718928276,-0.9748676758069895,-0.7778666927433439,0.40261839800912697,0.6116710609778637,-2.305932118499475,0.1433289716725983,1.1799563938137787,-0.17101326104282127,-0.4798254371302258,0.38753733178679284,-0.907899955805458,1.4166289835143013,2.1540816490114527,-0.8790580919982898,-11.335993520481146,0.9258491707105488,-1.245137677753266,0.7557580469578429,-0.17287307537972518,1.2450516865336716,0.2605911451400596,-5.969135368196519,1.2003183082002695,-1.34789463353599,1.1251618740143325,-0.7108527223124754,1.015912117110515,0.17727071470629593,0.27339110398528993,0.9838853797653342,-1.1411629658071858,0.8458896402330285,2.7853632468946707,-1.6853494330216683,3.621577457748924,-0.36989186564934085,-0.325690582822322,-1.7000194855636783,-1.667757103705861,-1.2390729728701295,-0.40909244215649093,3.2025977022040815,5.285872981129999,-0.5063688792044759,1.50649957830526,0.5597194183066083,0.47629871236007965,-0.2945637560531509,0.30417621536509853,-0.8745649977005273,-0.0876293619715892,0.6266726835687076,-0.32911312167451645,-0.2722425174560386,2.46557174795079,-1.0609024667645228,2
5.307356709459796,0.006718947997194689,,1.0142663297577352,0.4438379247952005,1.0458023643603604,0.12263056698131508,-1.0535141612473247,-0.8176160970550304,0.02315673607060893,4.6709510330395965,-0.2143219281976479,-0.7094400401567997,-3.490364853104437,2.4070636504352976,8.867359989895998,7.490453648028458,0.5902271817774498,2.8190032392995406,0.8396000835400406,0.22560591991783413,0.5930372739297485,-0.21708286491610176,-0.8110098186374864,-0.5006552180457592,4.310596280592487,-0.0884111371528598,2.2967299111496917,-0.7491066967902441,1.039673830912089,-1.55025499715261,-0.8418345689940653,1.8443535466753709,-14.453188003771295,-0.7677403912703412,0.34576075174346577,-0.4876744501219821,0.3808726716745159,0.7743552497173009,-3.3415790535051526,0.21124951770871883,-1.1610552387535877,0.5662801967721954,-0.7159720254184325,1.8598267617926094,-0.90954125739683,-2.5491624941277284,-0.14213183461593104,1.023042502522681,0.1783663493523837,-0.3837391923654692,0.6355316496618255,-1.9773091993722227,1.3733763918793327,-1.5979436518851875,-1.1024827668287895,-0.6982222224737515,0.7790407440340077,1.8189327201489518,1.1338395186471173,1
2.6688869000006576,-0.3683183231562406,0.08081739450261613,0.0335635548712162,0.9835885739481924,0.10710245176461455,-0.13684003336280262,-0.011876419701249552,-0.7200941769196783,-0.3244610722095339,2.7441564083058365,-0.4841634165777435,-0.37195467490632816,-1.8326511617833803,0.6451278387938414,6.183712798529804,3.69539427613429,0.16267197252071916,0.6603820417472077,0.851165899490164,-0.8783272872002639,-0.9001612335098023,0.9482464636378202,0.8054578635708917,-0.19258410445319316,-1.1791728037591191,0.5992757952212582,1.9674861841285955,-1.1481893580192406,1.6794728578634477,0.1066631033251192,1.5986416689053058,-3.759778926676893,-5.01770816169084,-0.10535493870336059,-2.0335006699905054,2.6719039702986125,1.5961771156784086,2.2728185627647277,-0.8067988920415898,-0.3774404902857792,0.9054383674547759,1.4098801716180314,-0.9884235827556973,-1.1760820724323144,-1.9934810761782362,-3.673973904130203,-0.7959722440593294,1.207716755909506,1.9537820020123289,-0.7411857164500156,-1.2064749535815509,0.7309158247889891,0.53661172543583,1.4132140829193054,0.489919407289479,-0.2477510094580059,1.1156070112433916,-1.3943779822795384,0.27396375625287794,1
-3.9919189250853573,0.9568607817256829,-0.9850595246792675,0.9801092952550584,-0.6117278936567873,1.3002464832257057,-2.06056654350608,0.11579191298432377,5.357663148653789,-1.5980492533988642,2.578020170117164,0.7759275916627246,0.7548661997734214,-1.7367663510217501,1.0084702898396163,1.3629225347498293,9.032702959982561,1.3937310396080513,5.92347854064592,-0.6478381876221059,0.08681166616040377,-2.147890697238864,-0.7824447136784316,-0.09584437070518517,2.32246143364015,4.444959708258102,-1.4433294454101373,4.595676450387762,-2.2573929822109795,-1.2022432281473185,0.2303157048723431,0.13996481092348473,0.925919380006447,1.4337457191980283,1.5187952178927422,-0.780781685397097,2.04170796395557,-2.3110260025238705,-3.8465224983065704,2.298902024265258,1.2081165131695988,1.5769884366803153,0.6805499310035822,0.2863849609250768,1.0413219796935618,-3.5304878375743427,-8.93279955722237,1.8837576206881352,-0.2853167371629613,4.081451951796681,0.460307515541502,-0.21572532489511867,-1.186715183295798,0.22642921121196807,1.7773360546128691,-1.1278439284424184,0.3748054972734372,1.3644061735478676,-5.267861175051402,-0.9265102653558246,1
0.5664753456274296,-1.6650032350808377,0.7842113034423567,1.0312349050740015,0.5415628015383526,0.2079896629249557,-1.3806976217004363,0.12895204794554901,5.370897664137223,0.46769937292261926,3.686545941344167,0.22271583962228547,0.0050870321814767425,1.273285558822209,1.0519196629879783,5.243660934172742,3.122619319105957,-1.264395001201074,10.052482808559223,-0.6687669298299082,-0.026763401127037942,-0.7040717217470792,-0.2071300035022076,-1.0932559904451953,-0.29775393483322593,9.668814535066591,-0.6159263092764419,1.9986322581563365,-0.519184936375495,0.700667720841206,0.06279006983379161,0.7207587592734537,-1.8285963163439418,-2.568836473236331,-1.7741879515183645,-1.651402275155699,-3.008487321499836,-0.6715485580355063,-9.62024281910161,3.3657244897791294,-0.12748078751911807,1.0414062955191252,0.39388349597587,-0.6295665947759428,-1.5779646742033726,-2.652819746142625,-5.591513523485355,-0.5873741146982246,-1.4906645462979324,0.8171160567126825,0.26755317632475656,-0.6089515051561245,-3.046344829245306,-0.02800596358185202,-0.8260276428851872,-1.0433387015436015,1.5558807814919127,0.5423821134998223,-1.1951390352496023,0.5269028286833728,1
2.825326020180403,-1.5367545481921763,-0.02245172818424324,-0.4776898548900925,0.4277872656377073,1.031306385325691,-1.2279798113777027,-1.54808802536075,-1.332980645591812,0.2330340782654089,0.5557375517891152,1.6977891907356892,0.7833969163544978,-0.07312890136782824,-0.13647690929569753,0.22500747812863425,-0.35734690544537256,0.44160085983323455,-5.363052848142371,-1.2420072159396858,1.4935345098230122,0.7847906543034202,-0.296425872025663,-1.4944009395229068,1.2380079676688707,-0.7940300581502922,-0.40695041582726327,1.677902149441072,1.4401669851800858,-0.022055581038756933,0.12225023137754452,-1.6632183010473267,0.2126740161417844,-2.9273726064880146,-0.8760694995106024,-0.39529277686045067,1.6694706546598677,-1.1322132467743222,0.9802913623016141,-0.8759742497845365,-0.8160609861710073,0.8298985904643343,-0.4058544196767153,-0.8009357236962918,0.4495626610845428,3.272049713062246,4.0145978375542075,-1.0540837531960074,0.42989503470490786,-1.9912072242799157,0.17465091789780077,0.8528265125179753,-0.06191017889041728,-0.33323039715853386,-0.6202121344933909,1.0195134380528819,0.17226275820031747,-0.9134558201793502,2.872563110628886,-0.28276051570622746,2
1.3815067586540835,0.10425930901538791,1.0068305429130695,-0.5046692564043942,1.3660661476625513,2.3992533081567524,0.12880857912740826,1.0780655633926064,-6.705747737569609,-0.45795914315623126,-0.44606729764983977,0.6504395122340233,0.48549449533883066,-0.3470739762567232,0.8945537405250289,6.20156888291708,1.3773508187455745,-0.09032858524882625,-5.227726219798532,-0.9997942950310515,-1.7734693996764814,-0.20405378712317782,0.10281678725419531,1.2332569317199873,0.04838939523229088,-5.000245126873791,2.461319393641058,-2.417862718059814,-0.16716050704993318,1.2359083026156688,-0.45057346158531253,-0.606069191990721,1.166209150974848,-1.3903698023100468,-0.8072914936139879,-0.7425112686281092,1.9423716561691537,0.7994603575682102,7.238492077708176,-0.09421348333403101,-0.46140007502369396,-0.4226048015905454,0.40725578154748737,-0.3760518153977747,-0.7638653929908276,-0.9002472051337465,3.1333496693281275,-0.41713730096977136,0.22220582358138394,0.2681043303777866,-0.3684651709341949,0.8880950643232843,-1.3909240069634068,-0.00026537157730576665,1.310451555043439,0.21831719307032474,1.1975985586161837,0.20024642593920713,-0.3003605070432398,1.3442212327998568,2
0.4929839003217222,0.8126103038932778,-0.015979442883914056,-0.08716662708650699,0.3730212137312065,0.30613591515571065,-0.47751534224355074,1.2470734662138936,-1.4393136496115464,-0.11063649927557907,0.9124607244302141,-1.476844161362518,-0.816797359951694,-1.7775925907634305,-2.010633473879639,3.6312003390072207,1.657739920537201,1.3965544897475155,0.7921540296152673,-0.46524705263427135,1.646850086691784,-0.21974821236115494,-0.14275925481759363,1.495507468797224,-0.9006195932279715,0.6269379471490782,0.6581921739844165,-5.372808400877978,-0.4382169363821591,0.6944495147655076,0.06406067018617992,0.9313063499887717,0.5782757982435522,-4.864958648534803,1.9061307363739857,-1.1658547680154212,-2.3259866955875137,2.582977433150734,2.0133550382741254,-1.1887362882857584,0.3644543457877177,0.6024454129094089,-0.03374562179804049,-0.48331793051399247,-0.380489082843892,-1.7396496517304487,2.5699486193942374,-0.08504164425883806,-0.01178136214232736,-0.3701025637243949,-0.0556208104417203,1.3507610933991867,-1.8724594338591027,0.8680652424114664,1.5188776888298205,-1.1156249124899373,-1.0017474327097162,-0.9701812297964804,2.182208403506144,0.31440042072718183,0
7.334290320066469,-1.2758756158061375,0.5946755918349974,0.06359628254429475,0.7937157620774362,-1.6745763197880554,0.9670655699608834,1.1027587086656538,-3.5386102730486684,-1.3958600787637274,1.009924834386941,-0.7897743406749475,0.39420584096125216,-3.3619804089310708,0.8533934388588761,3.6814725485479016,-0.4799729005446563,0.13690742540714348,-2.6918047393931346,0.9422544141820767,0.09471425185727866,-0.6809698594164493,-1.1771122438872184,-0.9310705762898435,0.2630404513455334,0.7029273856687668,1.2154327701278818,-1.6004835579763892,1.14426316611711,1.159524052023482,-0.5150954835180395,-0.796796410279238,0.5298378960650637,-6.359156395754791,-0.43328080809922265,-2.8271014407300004,-3.9096243694327457,0.48362204705070944,1.5384002187557082,0.815660744031672,-0.20383461382920437,-0.8326042490427499,0.6296701710517916,0.2784634529421369,-1.3637914884078566,1.4955462753092017,-1.2073861750633996,-0.7924703583578975,-0.06541445813544404,2.124691811595554,0.22748088082566342,-0.43218581704972403,-1.055400351737194,1.217371623557272,-0.4984944040360237,-0.5186016516950283,0.9940444377179896,1.6526150609705634,-2.2055460882662956,0.7064056244338486,0
-3.5907417617301687,0.9932141274860892,-0.39695618400826194,0.058753176876907134,-1.1795275861432954,0.9947918526992257,-0.1816695614667046,-1.6044572658517375,3.6712740967426183,-0.5738780590087155,3.2291336278694875,-0.8258115802437064,-0.4885941580995001,1.8830123286179625,-0.6950007358270536,-2.7362630134787587,2.9150723748695753,0.7183693078940818,2.174534481248556,-1.6865959597067834,-2.07482191795682,0.6777010940660436,2.365646694778936,0.4622008990673889,-1.0785013395781125,-1.2141887630430048,0.9262687641225866,-2.477753767228471,1.6033602671351217,-2.2677142513227473,0.46433865463762597,0.9932539613271925,-0.9545681147788345,6.3013976137547205,-0.5138664215304726,-0.12073674273294784,-0.7941934793125032,-0.019767554582639013,-4.549440591519738,1.8431699173920904,0.5544728438546679,-0.015412528608262106,-0.47180479742235776,0.8348666488959479,0.8219197950467836,-1.3309769392818869,-1.7783267101082063,0.5065262183396557,-1.569044281307634,-0.5427747944701431,0.46771861697624134,1.977126520521058,-0.9653734478786552,-0.41112217268528495,-2.1505243870347823,0.0016620642592542914,-0.5352485471564018,0.24314977161361484,-3.729494575097938,-1.7618339895314747,1
2.24246430427449,0.8407603776220373,0.12943160504877893,-0.23758791372856586,0.03669665823123859,-1.7080348576403142,2.471247044911231,-1.450778413969171,1.1537433748899857,0.5011662364378279,4.504551939840605,-0.7664539894617151,-1.0971975431847565,-0.03529311202513907,1.367895263158605,7.592180075451262,4.834860639827204,1.5722088807644028,5.084610125989524,-0.6643087043431437,-1.674628088610252,1.4436138071278952,-0.1023856276254179,1.2152335489844328,-1.6407595313306416,4.176775128627477,0.4308707091351166,1.1460191330142162,-1.261329798412582,0.7842418208401603,0.3121408294074028,0.6091013144388354,-0.471917834014505,-7.5772867583240515,-0.8929940151805965,0.10917403255031957,-1.4514927351410876,0.29730407511705415,-3.3195335759420224,-0.6890571839600796,2.388446816546841,0.49580769815947084,1.5435772188575818,0.371676376850925,-0.009852421611612788,-1.6239218952722876,-3.1342900516820986,-0.42761139759599337,1.6453853251039992,0.24527988392171762,-0.3625481905501642,1.5395439876897339,-2.02444389720364,-0.7280521795492748,0.8100021142190945,0.6788848096524487,-1.5255402442685426,-0.18043697061963715,0.41529289756177556,-0.3827159554255117,1
6.677212057785524,1.2510993422423187,0.5688150115501875,0.3210266422475432,1.4926598165071472,0.018534069818371825,-0.3150229482850129,-0.5400662529872428,-2.701881426516333,-0.34262671968747116,2.4504866888996784,-1.540622787389993,0.2767044238524849,-2.9926120833269323,1.8045451176125027,2.6963002787863593,2.457821525769527,-1.027315814645204,-5.430667665066263,-0.7115109706152397,0.055792301255511566,-0.9280186580189433,-0.4071890042220247,0.9909593151244864,0.5731985785031625,3.098839971717891,-0.5018547041428726,-0.9482841225009937,0.4469722729708663,1.8944442961061436,0.6598282977311478,0.5150374194312445,0.8025259749621445,-7.6235432639966945,-0.44959580241088093,1.435366516202812,-3.095880533596926,-2.8570564996907306,1.894190986496384,-1.0900993403433645,-0.18745313594950994,-0.6051228066056134,0.44034835038391934,-0.3749752474279137,0.03231303797541985,2.7090224865565182,-1.3517667318596425,-1.138417405036224,-0.7040806925056056,-0.34969590266001793,-0.6487341639982753,-0.633928222515819,-0.6513720630071769,0.31232958205838107,-0.42612714878966856,-0.6147479543890888,-1.3336607226782398,0.9885384109739317,0.7762633971951606,1.3978257421239937,0
-5.104127799188885,-0.17866776565481743,0.7089606807370306,0.6483618046666626,-0.3104439805436618,-1.3646481316368861,0.878764961659954,0.15764742686849034,0.17762620688143205,-1.1425642370557434,-1.552727851075685,-0.3858488927289048,-1.1477851473474003,-0.03258298218191724,-0.54264548781281,0.0890928621179066,3.3225266826003192,-0.2892972150973493,3.592078510560038,1.4723707175273684,-0.6408791363813738,-0.6143465987259245,-0.21919154471882318,0.11288399490054347,-0.8093612322506667,1.3368314765668385,0.7987506112347709,1.1809623179328586,0.08098382807449699,-2.3882107623415276,0.14719237495851914,-1.8593834471556872,0.26231813748239247,0.6641747622057641,1.003488167024326,2.5389083736267355,-0.2540984681944134,-0.9484122560520954,0.36538823457518976,-0.5511618501178368,-0.6088282924619906,0.12124816719146832,0.808069512660109,-1.0817354537878043,-0.3659248129151333,-2.3126520292930395,-0.8860239566050151,-0.022763171678292508,1.455660403142888,1.5474699285142748,-0.2687069012493012,-1.366177209208942,-1.231085170383425,-1.1771025086421145,-0.9774811297852268,0.15099574127260026,-0.5863450442592476,1.4500417050316547,-0.37984275258431355,-0.14903423054752707,2
-5.16618348452217,-1.2135294480908019,-0.4442491215191288,-0.727012868436912,0.9274341439334087,1.9275283741370763,-0.19445973120180293,-0.8125685673728732,1.530958319643227,0.2736598851473396,-2.2847792788952774,0.9125158644180871,-2.041361596067978,-0.025681625630333493,0.9677595917761538,0.2247440152335844,2.975091544965589,-1.3692142458420522,1.2471570252165327,1.0905187536488163,-0.6990317609294159,0.9601933517654916,0.6359592853811205,-0.16465937970990355,1.0049217190497606,1.4124484082611342,1.5972578104763115,0.13246049342357824,-0.5180711524016711,-1.005688380466081,1.6046247080549467,1.6997867310212402,0.3746847839326906,4.053217056108082,-0.34498301655628866,-0.6930787876715729,-0.72037924823525,-2.3299429070848556,-2.6701293781310746,3.6205524746022846,0.19817226972311724,0.2902107430954355,-0.8591862978604515,0.6596335484385921,1.4855118868654729,0.9495585327877596,-0.12024148768114828,-3.0446621650731194,0.09805791246787714,3.756753201571309,0.6409866111852341,-0.4798220516244541,-4.099919225445419,-1.0783802033393082,0.30751888125060883,-1.1782890139284379,0.8325541392362011,-0.7862362700342146,-2.7647102280931484,-1.3624824899215437,1
8.778000256458457,0.9668198344788589,0.6626337975465487,-2.0382965297622753,-0.7089463040617656,-1.515133314097623,-1.0049052999937846,-0.022051801256860123,-3.076167021235948,,1.2209529710076106,2.5362313095275932,1.0101906122357613,-0.49319977197168885,-0.11246457642651411,-0.3394031371875667,-4.152011128790814,-1.5753032789371535,-2.612753512850961,0.8543769651072106,0.4800336945653555,-0.7702883559564846,-1.1849232068976612,0.516950688562923,-0.5167467620606174,1.2798871547172024,-0.15232840445435986,0.47204950096323217,0.12344434578613944,0.23426147838194622,1.9163188204273385,0.0924037757770562,-0.17088041146611152,-4.791250152497612,0.4544888475833129,-0.40704654322154593,-2.4537716301461003,0.17869858237806835,0.10804583660950194,-0.5893260900810748,0.15289214834573467,0.4104032649251625,1.4756694386095508,-0.7697892002158454,0.7817716643021211,2.2846870448567524,1.7529534872018966,0.6049233586501919,-0.2617867649222678,-3.3863385514431923,-0.3469554499349018,1.4481843198713584,0.6871420149731196,0.6615979632839485,-0.07279839263329689,0.13910216984165838,0.21259161494942858,1.1784303256422324,0.8016978232318249,-1.0555823121207522,0
8.662630618421472,-0.893931433572423,-1.7707269577927929,0.2722673844059976,-1.6236847453947503,-1.3164290055361412,0.33696985024780257,-0.8034641092390311,-1.1634490478522366,-0.5399387077816568,0.11945300806298453,1.4485957745415514,2.8507774238697423,-2.7491533037646754,-1.6885649654474726,1.4791767050790625,-2.398001419794976,-0.039586233463954165,-1.1027167211710769,-1.3367919192078537,-0.35170715638029,0.4945383594058324,-0.2830943969135784,-0.26310477102520746,0.028200609712332965,3.987606387291222,-0.9102478563006189,2.3595672807063113,0.040558434871852025,1.1802457974309846,-0.7001901830734147,-0.02780551715389908,-0.5205132187712167,-6.093818299365158,0.9677065886736894,-0.2984738082298396,-1.1982849250761705,0.2391618340816738,-1.1709914092308116,1.7967009911509517,1.3713873238832617,1.5283287550979996,1.2445802553962517,0.2889583563869195,-0.2594505166093298,2.361552151785477,0.6451096856969951,1.8643705569154128,-0.7259979037452272,-0.41633547676340854,0.6799384634946456,-0.15242848164633793,-1.105738549193541,1.1691548280157134,-0.18609097828243942,-1.4841257771603906,0.7970989969116988,-1.2832893985838325,-0.15595972114144008,-1.7040529171977674,0
-0.41229852331082895,-0.18730417979489025,0.5282632580303724,-0.8386700358846094,0.6891804756468861,0.2475217283370697,1.0708487475682444,-0.5002788910049958,-4.404150707730574,0.6086847416689013,3.650440683801298,-1.6995364397999482,-1.406078693237423,0.6319436568257728,-0.3309145277290606,4.713882510855533,4.563282021003673,-0.04039615126643553,-4.974090662400612,1.1084376082140386,1.0391097675164518,-0.15214043339677125,0.29046022263644056,1.082017239164916,0.28640037618153363,-5.688200739777119,1.8934750580880277,-3.3021845371349743,1.2506453433487779,-1.9637659702941321,0.1754841955303034,-1.1369794537503213,-0.9840177162637418,-3.4193212965967756,-0.7983038823737114,-1.2536892504627546,-0.16100142504458792,0.4987853436325761,4.263304089357458,-2.9529463233226982,1.1342475708738782,-0.031156758588119834,-0.5566942751699251,-1.3154179088034321,1.5824806293245608,-0.4691094807603753,3.3064465143677157,0.9817246742096355,-1.4431812234682382,-1.1140528162945433,0.25159246876863,-1.704702627153812,-0.7467262049279497,-2.5915412573751544,0.5300931190876267,0.5060347224620386,0.15703135692648132,-0.08675062874256956,0.9735361238907433,-0.5704740239305688,0
7.098533878004089,0.2299671136221295,1.364416009769817,0.7948667126881095,0.309614803964639,0.41612667951562726,-1.8940626110633754,-2.7065184578148633,-1.6820488489762977,-1.0809864157740579,2.2431408390128977,-1.8131619460978368,0.8608293403149185,-0.8481557945900139,-0.5952651113967043,8.627907431777684,-2.295393162201085,-1.6347797780842788,4.52376749995291,-0.5752862450859605,-0.39282855391762567,-0.6658030693259585,0.1399913849928779,-0.19783685683711683,0.1284387049612337,-2.707644157301575,0.17640378207212137,1.7805831578526732,-0.358479640930326,5.3399515681593535,0.38512397390828645,-0.7518055974906431,0.4938546089339526,-6.14751527708123,1.0309375680363249,-1.028091443849859,3.5354973827682765,5.7395206749639724,2.938533032934138,-1.1453628789656998,1.6179705787882457,-0.26170497646016877,-0.7690528078456144,-0.20653203654993924,1.7793531257609778,-3.250400269885534,-4.936488509906855,0.05045277337203161,0.7728046636373008,1.0337972698599749,-1.597023995774876,0.6931352020628276,2.8064988813147775,-0.47067423625913707,1.0724415951599238,1.096046409420315,0.014663966779665714,-0.9082287002911039,-1.5468900004589772,0.4543872704257778,1
1.5219504421837202,1.1374983028372616,-1.1818669391112548,-1.4150321305294788,1.2390390298886007,-0.07932875914204875,-0.17286553856365172,1.1256725366840077,-0.7003163756098003,-0.1483219228535517,-3.771655871309073,0.19785347952785518,0.7938769015736241,-3.145844142671635,0.025054472039660335,-1.7218419338287487,-0.5702679737571719,-0.7046432981233319,5.3381926810539655,0.4660127981568643,-2.2592370135613984,-0.38272723933077274,0.670992119717739,1.8168087735791243,,0.751665945462807,-0.5417462550104892,1.9473295354606468,-1.2134111008193456,1.3060868753855548,-0.7889529461122257,0.19158710639397017,0.791495644220616,-1.469030658376817,0.450666187966131,0.7713445792127391,1.488916787296269,1.809842173384526,3.1807479574950146,-0.6276129498510536,0.7504960007764772,1.2657119207863032,-1.1789473707660467,-0.2312325711906077,0.45929134675188843,-1.4471883726032377,-2.541513458667545,2.136725635715094,-0.39095627593390236,0.9071353643735358,0.3308991850550833,-1.3641902271475599,-0.40179521248579664,-1.5337341016701813,0.10556109538991025,0.6541160544662632,-0.23868011158639016,-0.9889103585345823,-2.76423743418737,1.1351307437766107,1
-2.4895406270594993,-0.7063749237925362,-0.8479735140054665,2.0630240902130335,0.5781997332001568,-1.1068548904732292,1.1559820411206994,-0.26207546754927613,-0.25058279366781144,-0.2828884142829792,0.19228717171022058,1.8605067253363574,1.21926331311775,1.3182522061650657,0.36368156386762546,-0.22928860654215416,0.2740319651117104,-0.5523906979007189,-4.111932116291099,-0.486689245746922,-0.030605094003595144,-1.372815033794736,1.2322574823784276,-0.11363685228209751,0.03999156608522302,-5.522243734025079,1.087052822380546,0.5245882585806549,-1.9621826279355212,-1.2321223558926884,-0.6572812722216178,0.6731970342832186,-0.13761767964894556,2.3779225199473504,0.6577409817095412,-0.7248159622771219,2.4732192557492416,0.12244387023933756,0.6903196369747531,-0.2773117908492019,0.46791592567278406,-0.6689302183219863,-0.10401465666081319,-0.6990291382789088,-1.7812722550978268,2.037994255332573,2.8841226859663407,0.7165936521791432,-0.7473157340399759,0.8021689005724089,0.5473381605768302,-0.5745328873504337,0.3579134213494105,0.7236928854609024,1.5116974207212817,1.8981807752323119,-2.171165379687011,1.2080194378740057,0.1284374290559238,0.49126016854116084,2
0.6748124454187697,0.6286437077651912,1.1828744957222317,-1.6177290591248354,-1.1428371080972366,0.27399926226317917,0.47643306685739056,-0.645441023666362,-0.4144113245377745,-0.3259147622904589,-1.595607666512017,-0.08681272396065026,-0.12762056842675376,0.7293598370441974,0.8550350681975698,-0.7007443429604189,-1.706802927361967,0.28095211325876274,4.695830374237397,0.7364779351019562,1.0068909907320478,-0.08727307689282854,-0.03655923879121808,0.9194709745270124,-0.6742860432185861,-1.981023526370565,-2.2170523917134606,1.269556779309864,-0.22709360644003984,0.17377512312166554,-1.5293838342145964,-0.5881092977955014,-0.8233469362880002,1.6907883480569748,-1.1070640145901445,-0.018069660530875612,0.4453381529181255,1.479425982128445,-0.6806491141107223,0.5078712284378828,0.5740318758811348,1.8091749341724923,0.557068359141653,-1.0084934228173716,-0.026330835469702555,0.17307541096783052,-1.0394164805523092,-0.9345550602819207,0.8927902452143935,0.11243105232457618,0.19268574230508714,0.5474551409799262,-1.1977446156861242,-1.0086053177092338,1.3063027867151187,-0.32602653848190366,1.3636528439175986,1.90373522419968,-3.6498306230263786,-0.9782208536543988,1
-0.565795440987864,0.6526451427905684,0.5601516106749359,-0.5092603330287183,1.0514307561624865,0.021609695873238244,0.6445360062345289,-0.08046546468416199,-0.7742121850917383,-0.9888148403969083,0.39563892737764994,-0.8889694517358779,-0.5044110671438824,-0.1841572698662759,-0.640388229717247,0.7502461822106272,2.8024515444185125,-0.6361439607491345,0.23160524019688572,-0.4654757910166457,1.1613463327083546,0.5085063752405107,-0.6977655785631498,0.06991283749788124,-2.304560040374312,2.3007446359133867,-0.41451460684807306,2.1280446364723176,-0.460974506380938,-1.463973170291037,-0.08462132185920485,0.6335339319776501,-0.8717476352890511,-4.312943121739352,0.018906312992809135,-0.5067374239449255,-1.5359485532071355,-2.5195036055414475,0.09105992595690875,-2.4547772027170245,1.2438695132181863,0.981396564897123,0.3724806631947506,0.9573487236542275,-1.1737291472430973,0.8103109568776585,-0.4496459509507532,0.0988939590945645,2.106869523992627,-0.20955902456030173,-0.08021525533099136,0.45463539306174733,-0.4767708930242298,0.989130711151934,0.42684734165334415,1.255961235637823,-1.6238403380849185,0.6120393144760583,1.7868444359310418,0.3709047162658532,2
-0.009868119422223392,0.1699419245518953,,-0.22312443781900512,1.5346565286851959,-0.6063906894727549,0.12943293725488883,-0.05387237918694975,-2.3936706844774918,-0.5819874128655903,0.6027259283179396,-0.7641808316734657,-0.8761786788055383,0.7892625870910253,1.1064602028144823,1.8637943166186854,3.2393551030330245,0.5451431666800791,-3.1215508874645823,-0.44228867796443744,1.3962624931381344,0.3477894796082186,-0.18638426467569746,-0.8891611631610785,0.0925971485512682,2.8792017855090872,-0.8815972405858491,2.1913448189392373,0.5850807755641307,-0.1626554769234766,0.5831461706086162,0.8632836256656259,-0.26378773168374614,-2.7544405114264525,-0.14945988525163748,0.6341218012418149,-1.0964237201760434,-5.1059644351733136,1.2545545620070788,-1.6029657664189405,-0.3667412730793706,0.9129912372175907,0.2666816777961678,-1.0361764017757955,-0.06347271172356451,1.3771774536524375,-0.9442461844053115,-0.5605228065391352,-0.6049757567054451,-0.8926421192222699,-1.3295874165654533,-1.239966118605837,-0.5408854780848871,-0.01899886727647736,0.7794699845798233,-0.013913073029554785,1.5509963554117578,1.2591984473360178,1.9089153445194627,0.9082733326208107,2
0.1984134819964312,0.055440850832215956,-1.0998032896442007,0.9784554043125812,-0.7448544826961729,0.4021998023884518,0.07786578582577561,0.1556308864998289,0.7184924937579851,0.9008431226139267,-3.0215988466004258,-0.43687402517790414,0.05744791509992068,-0.4317068681031857,0.5245491840654312,-2.386353847518177,-0.6334196418580754,-0.4136175808977575,9.03556808677966,-0.3288468166593016,1.1288675529500707,-1.7620487755402687,0.5478609875671456,-0.874574726107903,0.5945688869153314,2.657825406208119,-0.2097658444478792,4.361665270461781,3.216020168021169,-1.574033317769579,-0.53981005619581,0.6553207955533066,-0.5802428458444414,-1.8169911499267977,0.12393191870360817,-0.6202908852073614,0.7076454746490912,1.2824614791263906,-1.2780190114453047,-1.0456516210429445,-0.2676177219007939,-0.4937184921213639,-0.017218478234996764,0.5652319488765503,2.2128077894458316,-1.0188796418070005,-0.29485670165550054,0.09682466169053418,-1.2066021189806775,-1.4456951386241115,-0.6001712754943869,-0.25682301376508915,-1.7720607987627846,-0.012820611576395767,-0.5244178415326567,1.34232645948319,1.106070440931079,0.4662139307105152,-1.2695099441814421,0.3597247964616449,2
10.511334727935305,-0.5094486566710162,-0.9895078248554882,1.1893328343124843,-1.3300285409962505,1.2395776351608137,-1.8779961575738253,-0.8086615039557069,1.627282306688325,,3.2254878480246196,0.7551611350959729,1.782004586998721,-3.188967223102623,-0.3566497271982808,3.3980387799565897,-3.1778417943661132,1.30333686620339,-0.17878420367703735,0.6226631939451467,-0.8863618360191453,-1.9033204770303203,1.167164017474378,1.0821627775104015,-0.7214493431974422,6.468472165353847,0.0784888908654562,-1.2168110611580936,-0.6599763849894453,1.8766435538224548,1.625875305541717,0.26973070716281194,-0.09946710500348493,-8.931559391339771,-0.4105620749225392,0.11032136311168815,-2.171953316194821,3.5420656710545657,-4.190180435909439,2.4991825021722383,-1.987975666807605,0.2889697555099871,0.5142570786126844,0.14524395007345442,1.0943997970831405,0.8899190154220091,3.040237008546003,0.2116619432997037,0.29227664156891014,-2.028028635708918,-0.08732936440360271,-0.5330082496364661,-1.0794719937960437,1.8896344255575415,-1.4513967023129088,0.8698716176212316,-0.6322908931517588,-0.8256954269006574,3.165688205393131,-2.488576522624811,0
-1.572946280437579,-1.5133640650417612,-1.826761993993574,-2.0872374104187394,1.2725910080582106,0.5121284866942792,0.10703139880324217,0.1957360477699997,4.3430120445232046,-0.4678907490595244,-1.1740293385059744,-0.6872025238484647,-0.4185970978649264,0.5538418321960981,-0.8069610540170469,-0.4765741098407725,-0.4413572245541638,0.23100593173048486,5.1272979406982255,-0.6494463994325517,1.3379923714871487,-0.48443437335147616,0.11885836322281895,-0.28852361045014174,-0.8369760817321111,4.91212391225634,-1.3994605969575116,2.1882111969793043,1.6267143659960517,0.12234614880259342,0.43940384490384155,0.602609815034575,0.6189592069804789,3.2358733597854767,1.0761077079019543,1.4771110828815874,0.20304528031498736,-0.37281718389508867,-6.183881152912724,4.42779789015877,0.1732201629664981,0.7944029639688708,1.5661040450186607,-0.48951659918537177,0.21155610229634703,-0.2145959083598865,-1.1196310367040612,-1.551193836648253,-1.6840762546284136,1.4202373721832513,-0.15141071091099462,-0.4884213359563802,-2.4819299801440637,0.9733705358291709,-0.34390337976618857,0.46508184914275924,-0.5733781118589595,0.32270225316466755,-1.569451778797473,0.8179036445979173,1
-4.688688939627614,0.48590001798456145,-1.69605483951956,-0.46823150277036246,-0.8604705894085446,0.5553602040029428,0.5136599688707837,1.0231471042956557,2.4657027030287773,-0.07704429208076903,-2.7472036745457347,2.6214250639925525,0.5470311090523918,2.0475018075604536,-2.124291055208969,1.5647099239158113,-1.2937393880978332,-0.18409928772374817,7.306805740632813,-2.8444590774935468,-0.11918776596541744,-1.5258149826157894,-0.6298718472715173,0.47489732438239174,0.8451496680907414,2.035484828680737,0.299811575993421,1.7973456020533278,1.6059040565382805,1.2952398066269741,0.8261929891902798,0.42001714194836937,0.11421994158892225,6.8494522951196535,-0.08666894024911359,-1.0109152476021477,0.8486935426803177,0.24441112646608687,-3.3099034968766747,4.177774432830162,0.1866867733040958,0.08870996342686992,1.1870489212681554,-0.5500782322075937,0.977334761871499,-3.1952322200829713,-4.6591174959551545,0.06791344080088788,1.0365242704061233,3.6728596241109264,0.18402414476736295,0.0724150377285043,-0.862839999045824,0.7308791674324757,0.4209946182785697,0.8997792033263129,3.155537877385632,-1.3219258800794722,-3.69086080796782,2.033459078472238,1
-4.188642871532458,-1.0150738230079985,-1.3713458488678418,0.6408925551544224,0.7328491296720061,-0.4791412128290929,-1.4902017847815319,-0.8611648306846029,2.9825981525605165,1.2674089501776882,-0.9213891240048284,0.30645177342917984,0.18190353668758144,3.256226209470393,-1.0789439071409443,1.3201771444666834,-3.563060544335452,0.4553097520485166,1.0580425176181405,-1.3308070078451297,-1.8912397424767213,-1.6109964320487915,0.8522698495186962,0.3721042297460501,-0.4553226439673473,-4.4243720580172425,0.6110712541668336,-0.13465574056418794,-1.0486125984411783,2.653061905974269,-0.6961201135380279,-0.5070804295378339,-0.2362586366250135,13.308160786907411,-0.6187879312549064,-0.018818051892174042,3.6817094911880655,1.629720212272375,-3.0593921907642314,6.935954381217594,-1.3682637596956553,0.8665715237825008,-2.0441789030953497,1.5033490643257603,-0.41250858087036907,-2.216008261677308,-4.592495135812979,-2.0136695710352925,-0.09991085697107027,4.984427663933742,0.9267623599181637,0.5223590552909523,1.3864406613629003,0.08271523905971145,-0.7534481919890424,0.16648074471572044,-1.7113262184091833,-1.5141418185648257,-6.2514051130078885,-0.9690698477029079,1
-0.34159653237867665,-0.9239477818007406,-0.5519567132358291,-1.0075614837189162,1.2665423446104647,1.7773244273526807,1.9317020790847794,0.47333449930085075,-0.27588501931513354,-1.395110343808505,-2.6683073145373104,-0.7841720420312129,0.1539485126740389,-0.20828193345357549,0.767576511692936,-4.4853159679930155,-0.47154802771395454,-0.8835487309788308,8.21831557526668,-0.9136829197689882,-0.22422746212818084,0.26560839409863585,-1.2088377456311843,-0.6558441373809408,1.1317420893805277,1.3017127373682826,0.15415406642528073,2.1853494722933804,1.0671408196914154,-1.8262565421974206,-0.7274283261149272,0.2029897176693272,0.34130459362638454,0.7634006532787795,-1.6818394355666786,0.5598967002527527,-1.1742913343843613,0.37372858143879917,-0.022352040908961108,-1.5992886560577948,-0.5158310904126678,-1.1336427529856867,-0.978977091768429,-1.2310106936273546,1.9935032759049072,-1.612831107501397,-2.6326393812351814,0.20937995278964205,-0.09414529117776797,-1.4812381640012786,-0.8267759508144501,2.654733897417221,-0.7901195284674174,-0.08910001019032388,-0.5001025027369796,0.1929200749752277,-0.7293681366478194,-0.537770150175439,-3.4126370761277123,3.0654745270562183,2
1.6793059206496943,0.48637325430138273,,-0.1759486239746632,-1.5818174153403113,0.14587156515167568,0.23877071533735444,1.3214587758760035,5.581045982030282,-0.5278855061157132,8.81557332152585,-0.7645669832026974,-0.4217544716093974,-0.6836558183485797,-0.47317292213533413,15.869642574896645,10.460774987981841,-0.9256437150138387,5.410095556556062,0.08841237770181262,0.1682084062304987,-0.44900257875385663,0.5730939272439957,-0.03315533304999287,0.16235456081647737,10.85398933303747,-1.0573226028120999,0.500089271912552,-0.5634814805914428,3.466086455073468,0.7941836576847686,-0.8606555925112334,0.07127960568427447,-13.733328313402756,-1.002516269564054,-0.2243810129869122,-4.319145272082062,-2.121616187716157,-9.898167806520082,1.499999633467341,0.2527492242440023,1.0080720278241542,1.980103054372939,-0.35957021803681016,-0.13405955381512966,0.018483738161929164,-5.993253864950928,0.5164794803821972,0.681640963640485,4.283875770703453,0.31742919714734863,0.5099038986152723,-5.094751071655984,-1.1146254029796279,0.9480218483547855,-0.09519245191800502,0.19166963679677607,-1.008855032523329,2.6494973027576467,-0.7551485377265288,0
-4.077380494364381,-0.8838302728288646,-1.0307514947069825,-0.0699771703456238,0.33820263887124086,2.505685317702482,0.10073545010399143,0.7509605607488775,-0.11531495200829245,-0.13421120142921086,-2.6097813062715343,-1.2890621316280395,0.9284373909475603,-0.307717322374244,0.8521927484960171,-3.440641343455184,2.0521810765104167,1.5703795745833082,0.6152108907810478,-0.36665405269758966,-0.07127123234851473,0.7519213094036389,-0.8829839815076107,-1.2322519950749031,0.6068209247006798,4.343096130010563,-0.8120561918773362,2.155819408682945,0.36458850446668967,-2.7514543244530802,0.37895248511908625,-1.129743665731286,0.6602224383984487,2.1051656156773655,-1.312452142805259,-0.8387165828159853,-0.9526848908605259,-3.7352676724319784,0.5794633220666994,-0.012723492521293678,-1.3727908413792844,0.9884480218458743,1.9439458970005075,-2.0816645288236657,0.6812312759343645,-1.4311910374801715,-0.7898782425413022,-1.4425031043235188,0.6516970347806933,0.1463530035842482,1.737123856849034,0.5790040339801487,-0.26467661404739595,-1.504033365210757,0.15741480653288561,0.2304188343636676,0.11982002363119884,-0.04123851563718611,0.736571408998562,-0.020241474688488924,2
3.8615634955040257,-0.4462624867001313,0.009120719501876304,-1.3543789299543936,-0.030354121863649188,0.33114650918770105,-0.7693345840912993,-0.29385356071136937,-0.3786877474695338,-0.49222552135374226,-0.32589994994369986,-0.08005774853408995,-0.17831011192907645,-0.05341161186856991,0.7081644548002397,3.659345820754238,-2.1381616901952443,1.2644684906781054,-0.9320110465725657,-0.13123467336932107,-1.1166740667101471,-1.741390606326526,-1.065989113538929,-0.6611566846541527,-3.7087966093232914,2.44977884972544,1.7548118755996143,0.40019476571265944,1.035736507429506,1.322671655269061,0.7940963749594439,-0.4303158446454495,-0.5925018938019228,-2.56296718419376,-0.6058244788175937,-0.38249015891284494,0.23222965625536185,0.8040118508148099,-2.452398248898922,3.1692474029740216,0.15154320843246893,-0.20008056580668074,-1.8386127764956959,1.228228425498525,0.00041796377814229223,2.0495025902701496,4.3494868667876725,-0.8817991044667711,0.3251691300519507,-0.5107124729504207,-1.0056459863919494,0.7246231467643945,-3.010961048289537,0.039857541584972525,0.6509221580409689,-2.663654140437395,0.8664175854545542,0.800157962585735,1.6162959026153385,-0.42154221565931843,0
2.2214568314145615,-0.2606691439168123,-0.7081325911132682,1.756970935637303,0.8709232920677197,0.7809766043974591,-0.7962136850857378,-1.8399016642437604,2.620723151792901,-1.616169719730329,0.14991824469948056,-0.9257208874157766,-1.316896981477928,-4.116860968613864,0.9511998850679138,-0.6384208489231135,6.265881690878531,0.3431292724923068,4.97240204879966,-1.2623210853160043,-0.6107030716502497,-0.10363872523710055,-0.29055613971950045,0.19085270575958982,2.5353757480395003,9.455976611054586,-0.08305129483526144,4.308733691605552,0.42593178264631393,-3.048966121313901,0.4572830480432015,0.5244120819106874,-0.31309666098906663,-12.052406895219583,-0.3080315381174099,-0.02922517956231853,-1.9188037687540804,-1.9590336341009142,-3.8189767589894394,-2.2216768120371344,-1.6900652611931473,0.6813541422662691,0.09519325906802627,1.9439110364614387,0.1689222801387536,2.594254462540914,3.188133812166249,0.7990284918796359,0.9474315655153154,-2.1335333894062245,0.8117933141706285,-1.2709460185999022,-5.38974111688204,0.2509967236754093,1.6755402131215482,-0.14241348129145637,-1.6423579153905978,-1.199258499926927,3.7069711475827205,-1.6612787487320162,1
2.048267849085784,-1.4206174970149572,-1.318777190506165,0.22945475080387784,-0.5264737108728622,0.28288320003417944,1.4901253606035465,-0.1818376415919023,-0.7617236232637026,-0.5213267359929512,3.8219013711704064,0.17049865476728931,-1.6820132317703291,0.8031635864235191,-1.3907734367697053,15.526798769521985,3.105181709417841,1.4991613416725902,4.015352441278113,-1.241912118560478,-0.3762372760973062,-0.3567571679057837,-0.27724163023246406,-1.0157443230993222,1.4001357111325068,-1.2355291848059724,-0.20734899343834598,1.8077286596248683,0.6400875254367353,5.566979766996817,0.3992856982483787,0.3872008374664057,0.45416184951019833,-6.0630700587737065,0.9954572709571666,-0.6928307179141427,2.629842289136806,2.715474015972104,0.057585858527040616,0.9840074388196308,,1.1466127310885956,-1.8509471562422533,-0.757441845116092,-0.041715746783079155,-2.991485147676445,-6.309834139704699,-0.1911845622502341,-0.6240443768695098,5.162274976304478,1.8239374733052667,0.10271625131022726,-0.2755660385595362,-2.4374697364405926,0.075503593238282,-1.1331079181334598,-0.8054615193072053,0.4984490078842042,-1.5587782029730481,-0.26491178479649363,1
3.661800725316076,-0.17182877244573935,-2.053061249564026,-0.29585784040585905,-0.06025136786417357,0.49578427530007935,-0.35670923817641353,0.26316498086964685,-1.3847860089322612,-0.2929269400601429,1.9706358415534606,0.7483468268936336,-0.727711453968096,2.4688900085525916,-0.6027970090177134,1.963491656920976,-4.198041705609141,-0.7018375516904384,1.6049627027387041,-0.46208826064125613,-0.8200912815300638,0.11843727708998884,0.7626736387665549,-1.969684456351816,0.14058191718395388,-7.088732376054146,-0.4197676934168404,-1.711693452361017,-0.10057365354972804,2.03322135194451,0.6859649334136272,1.4022612537480246,-0.9691364877878681,2.9326331936939476,-2.1745753127845444,-1.3597045513308106,1.6029875744755642,4.437541491499628,0.1980091116533478,0.5084081014638298,1.1011776699620626,0.9378270139020575,0.029062087394311206,-1.4175825835778983,-1.0065785663268685,-0.5712092941626346,-0.9279565043823894,-2.912134379379116,-2.051259705080245,-1.0972590752797657,-0.26746611704111733,0.31906832515161476,1.3866046333568591,-1.013908546259582,0.7049028602108764,-1.0346107474091157,-0.5595082189549743,0.8178578781761044,-3.988397551040764,1.5554143453885827,1
-1.9972993708912579,0.5091387931318747,1.3693289022002106,0.7972091195972723,-0.511802466005173,0.17278262235824599,-1.2833323306223123,0.7607821718528455,-2.757033268556012,-0.12655955981934022,-0.7793890793246869,-1.5015305233211993,-1.3266945300777775,-6.241172639328317,-0.3455278732727001,0.1755566508261646,7.462937854573015,0.7276136836761329,-4.202314166574533,0.9553765562783211,-0.489845285454491,0.4023990971970115,-1.2205115352700018,-0.36522941371449213,-0.4269059567438021,-3.951304691517283,0.5533824463016972,-4.9946456584576016,-0.5216534137056513,-0.6002200731684268,0.5639174031048168,-0.39967742822270713,0.8922870097251215,-4.067727379731388,-0.14028024824273994,0.846075674691719,1.2665490580349417,1.46177669127023,8.744175785985869,-2.643914678718857,1.6809236987958909,-2.4662167888296214,-0.1750325382934764,0.4571309460952804,-0.6493277256958633,-1.136725882405007,2.074641248495422,-0.6072550507937872,0.3397040313166676,1.992155666162605,-0.8124296911041526,0.7393460382270881,-2.0168931762339852,0.058028531455216706,0.3145775474126117,-0.5927535287191026,-1.9918872652714008,-0.947177048048047,-0.8116953468596344,-0.07938863977790714,0
0.08564770009050167,1.2566136026534809,-0.6853851123404602,-0.9442167142768114,2.738994127673045,-0.0035152946563967767,-0.3059144876599708,-1.4126801259740627,4.687855167140802,0.48819777689128646,-1.4120903317042748,-0.47195076926388085,0.4051852292950227,-1.5952615922689075,-0.38134530312189385,-4.420336658528912,1.1704394653833834,0.5473066422443585,7.151954758581874,-0.0871761614259313,-0.06799786041492521,0.15785353101045632,-1.029879858544512,1.163389549889045,0.18104150114604156,7.773896609421456,-0.10244597613406584,3.190440190822502,1.7337307202100498,-1.8019417445688122,-0.7868969517266005,-0.22858480832683586,0.31612581635972364,-0.8897006451856977,-0.14586842129664834,-0.22593544385578487,-1.044546388216956,-0.8795757453826949,-5.861464693555689,1.791899545102389,,0.7434729894280655,0.17670735122650694,0.39810780101283255,1.2958159129500124,0.2643463435440532,-0.42838972152767013,-0.9950783093212762,-1.3214624729985989,-1.179389380990715,-0.001123160305806167,1.0847442427539598,-3.0765012738104747,0.311484670336292,-0.3141213472548699,-0.017378600008166226,0.42023033084902134,-0.5384415296230124,-0.611531362565837,1.862995915519793,1
7.812623622549491,-0.004129241783379574,0.9215890873115105,0.1247101516460557,-1.4571008223190713,-0.049920997453473885,1.7924020653307267,-1.3744498919394217,1.7386961169407504,0.3755549220325589,2.7688870012448987,-0.5895622039599662,-0.2526442651900007,-3.4294405926566855,0.48484034122618197,4.438585148100489,-0.09239303147741196,0.07810120108432671,-3.5004318610720753,-0.5560420669153782,-0.1553014511083345,-0.04741538103072218,-0.23920401739525404,1.0662315277374794,0.2276126265450017,3.175635167400871,0.5782859192115981,1.4141524631239084,1.766450259966898,2.483105504782869,-1.496428707455792,-0.9252712846220588,0.4868223125111016,-7.439625429516141,-2.1119182488641957,1.7785154362651796,2.4087192416194227,2.210341114204007,-1.7978918234678327,2.3700264275771397,-0.2830431742754161,-0.20035500169973294,1.838463930862475,0.07792745210031338,0.3770447735379349,1.9599344847995184,2.687098074865111,1.203663886056073,-0.5357932910729996,-0.1382426435770885,-1.0821192837745255,0.4288791093309329,-0.8474612957584894,-0.820228515972456,-0.49588431617290624,0.7232644762557399,-1.4085506073332303,-0.6508260249943387,2.6163459682015278,-0.5865287821839787,1
3.4315169211027103,-1.5260839072552128,-0.0779176052398597,1.136111084032715,1.1806025060015,-1.3213897566641029,-0.41043229628233213,2.4558964369948457,5.302241187048887,0.8078064585453064,1.1990333110321214,0.9059268329086948,0.3207739266984101,-2.356076826367347,-1.8945803297587682,-2.364050493174604,1.5315407170966657,0.21072960841833846,3.418780391407428,-0.038990936386025236,0.5391255715308864,0.18209559589484822,1.3820842349975802,0.4065015725605936,0.5012631221502066,8.206405680750713,-1.0250583975890395,4.203269730795932,-0.3811101548539942,-1.8903663833291975,-1.568291355964205,0.4127446232219571,0.5019197580404999,-4.003227494128799,1.2697789404348991,0.6418707774290249,-1.6515419755030138,-1.3497636814160394,-7.943001958420863,2.7529452152884275,1.176700093659377,0.0027443896919477134,-0.026013512404384334,-0.2460864364903074,0.22496115168273698,2.4406731226127634,-0.24028610391910238,-0.4953140048001243,-0.976318157303155,-0.09360320379098575,2.330649313469143,-0.9699807574356056,-2.8190011152508476,0.4387322831953444,1.9214395265532864,-0.9357074514692512,-1.7161072127711257,0.05979460629015844,-0.17195643371211122,-1.1247243082075016,1
-3.726950958740614,-0.36914993425925174,0.6871186663566974,1.189316403567726,0.14654286443430178,0.9367667818292721,1.8467045653279184,-0.7575183961901992,0.46225709482873456,0.8226480216976622,-0.6971417738633777,0.04786832716518899,0.665108055257701,0.5872153789563783,-0.1110687578538671,3.255444653196034,2.83839853542803,0.11427634040631757,1.1445908905796023,0.9786529554145913,1.430372534022507,-0.38802853991252906,-0.4900578507865783,-1.2144875608390209,0.506149256177257,1.2478656749107988,0.7212073112874688,2.8014985555456704,-1.2450943897792426,-1.8839952929316728,1.3592527697139802,0.16514159004337103,0.9575132619217975,-3.487372040953343,-1.3040360206892752,0.5290191385464771,0.6636701815655549,-0.9236473010031339,-1.2695110525337199,-0.8877142525939402,0.9999254158014118,-0.30247385839246993,-0.914855675359249,-0.37366414228895944,-0.6337820957895927,0.739313080509471,2.8015715056784507,1.6965055819068344,-0.15275019467442363,1.4428301694275434,2.113185136000843,-0.5354508891296973,-2.0584840873968777,0.7083923459766299,0.8255889167789005,-0.3320138925388161,-0.47822474652068575,-0.10037686347257806,3.1162324375952264,0.120914429446538,2
-1.3036135920314478,0.6839395206608945,1.4692006801269204,-0.9086868906751132,-0.3911991834012795,0.7611960007958736,0.2063968896770385,0.17564858829497557,0.3617728338828885,0.4494559945440309,-2.567586714528594,-0.266104413905511,0.4319627637823686,1.7732217885012271,-1.6095072974234057,-4.950116860076822,-4.205111189489405,2.2918055777247517,1.8982087587023961,-0.799652252504667,-0.7092895699727372,-0.7406959375386328,0.7985697342715286,-0.49737587304286685,0.49379999744829095,0.188385734055007,0.3648679999892819,1.3295240632654362,1.6623327448546679,-1.4359280125172293,-2.2619503047535257,-1.383231796655113,0.2878313284506279,0.9213106963123154,1.5139982184565095,1.1738726998258786,-0.043301860435951633,0.32537403142155075,-0.4940013473079872,-2.339579611073039,1.5362482255597447,-0.8836687486836406,1.3064656962704604,-1.9433093763805336,0.15975274595613512,0.9546431975516129,3.3169353300837967,0.5540527008421325,-2.1856225935245375,-3.1386007143008947,-0.04053863679784717,-0.7159071055242116,1.309638443027808,0.5108016394234244,-0.849516831242131,0.7871971805047373,-0.24336829695754075,-0.3021809007005816,3.251430335901925,-1.0051294015645305,2
1.0427968099637552,1.0262564262709848,-0.05584490082277285,0.5440378567737789,1.0890093245464512,1.0249475561637635,-1.6459238464460166,0.6559714649596418,0.6129927239883171,0.6649290199058278,3.405316652818707,-0.29152131091749595,1.2759772957656916,-2.220810915581515,0.5729184841290459,5.175129202889268,2.7690152210247443,-0.023022458435410016,-0.2787653155763441,-0.7649717533785967,1.9116624062810332,-0.06930202937111309,0.6470103643824976,-0.553574507005462,-1.8790961832657413,0.1478007849560319,0.9309592858879975,-4.5190717353350625,0.20686178049280077,1.0713974111212017,-0.698787618527455,-0.21640442095986473,-0.28218776081452973,-4.595523052079897,0.5508265821761223,-0.6334289641971518,-0.18702614349054003,3.6692808790020655,1.0505902906391245,-0.13959043027681006,-0.47585533659342516,0.4520537580842248,-1.3251873041569993,-1.2825775415570444,-0.025287221863957748,-3.0065651289391253,0.7764795345860056,-1.3774574070253736,-1.6653090786776372,0.7204652888973937,0.2702062912383115,0.09287240182351211,-0.21345185594475413,0.6902663991729188,0.4745373464655318,-0.7742461135570251,0.9817809469558025,-0.003981149493700086,1.8112069396665254,-0.5297764708428292,0
7.791934617059427,0.8652612935234563,-2.0045985488274436,0.5816700728887932,0.37754566144911406,0.17451249618392536,-1.1658518220320357,0.49916912281783493,-0.9956864943720241,0.33154294960881175,1.200230085992248,0.42612927756840413,-1.6931601284733075,-6.1767513462048775,0.8249238851759952,4.05444744801351,3.1109202068794,0.49750156863472295,-4.661593695711806,0.9170434467595057,0.6109124004478027,-0.5299956636731306,0.5159049871985987,-0.8590818437412217,0.23334531284098026,4.297822847901147,-0.8097338467569432,2.1247646311384623,-0.1471526657771903,0.574702810316388,1.4645125710568294,-0.32476902174182104,0.6926421329183462,-12.93135038058745,0.5924243629711573,0.7037811703160944,-0.4630452394352951,-0.13771311900312777,1.0890487061155845,-0.3142641079723245,-0.36985121143726585,-0.4814564921291897,-0.18040158346201798,-0.6213716209419707,-1.9070320213610836,3.6003983947352394,2.8500812897341277,0.14336468837833707,-2.2083615029085997,1.3063121189844464,0.08721233905052488,0.10342044659406467,-2.3463733314164297,-0.3393956804311121,0.04290083373577415,1.3917829518338736,-0.6589514432671091,-0.5252786709698904,2.8743322961129576,-0.6705208949485484,1
-4.64456857201316,-1.1030464474763466,-0.4907211254756556,-1.1616611972697257,-1.8406723038164514,0.18209791249697757,-0.6363989810554705,-1.3216340085967118,1.4310320532129133,0.5132182006896083,-0.7437828362416901,-0.5300081620974401,-0.5254533262384781,1.357840320077596,-0.33207235591198564,-6.662658093220593,0.027541793722608728,-0.10258136024087788,-0.4358105169055605,-0.7466993861419924,0.1015735055722572,0.11313820729779923,-0.1393165208464398,0.5547049325040273,-1.01669078320262,-1.9811016526048086,1.9497093254371345,-0.3059007254186852,0.5134043681739555,-3.209176747608234,1.7731100907860073,-0.47655408369598473,0.4555011510918543,5.232295130148173,-1.7875248718672199,-1.0714953853317823,-1.2462014394002656,-1.7180646017823107,-0.9672211882352191,-1.2794821203271403,0.02299084740072753,-0.029257336142705332,-0.5127131699552132,1.9203514021170958,2.044914468782179,0.6831064513791845,-0.2814844926142525,0.5999926819657305,-1.1233261808047477,-0.3789116856066449,1.11035049396183,1.0679950665533804,1.3249964974194537,0.055632125486113564,-1.4908535923481232,-0.5998896018339789,1.7976865304628686,-0.6242028108295922,-0.9835382179838721,0.24873507407220474,2
9.47191156792725,0.3285862079306091,-0.41772780590817277,-0.43542661755847056,-0.6156879253714481,-1.6825868872985674,0.3276547919866924,-0.7670860872630427,-1.1688858466319187,-0.9153191555121177,1.5374250915212309,0.16840934327269727,-0.08747418472557265,1.8337187985260028,0.2680319870859801,1.527372031669455,-6.322014133370784,1.0969784980014907,2.7827700691368182,-0.4910029609027708,-1.2284798971634643,0.31791246509917653,-0.5540677974289097,-1.4911847411653625,,7.0577080567228805,-0.06729787834355973,4.645868861014643,0.5367991907030225,-0.21652731348138987,0.763425554485366,-1.376462856116605,-2.172576981150961,-7.612810158820792,0.9241967744425039,-0.5230512780473956,-2.7782688186100017,0.09777135713523422,-4.41695270518101,-0.7405684101545567,1.8468659154624965,-1.6162844040880695,0.00030466934872824456,-0.7535168417399671,0.25646178453666635,1.061839855473139,1.8203101203970138,1.595693733496715,2.3292531241058225,-5.299916797747464,-1.1199148557025833,-0.044224229382341856,1.135640486112878,-0.31721010251660037,-0.05884808263286309,-0.9160897071220958,-0.5350366643915968,-0.011433916632377413,4.53508800287921,1.5926163890956317,0
-3.888805471209816,0.7109068097798841,0.6557741752888775,1.0991564828562523,-1.2861211619615724,0.10776017411265185,0.3013294031735006,0.16589153074105817,0.8318877836442786,-1.1533833991049784,-3.0167649501149,0.7495343822643912,-1.366804395112484,1.5078334844263348,-0.067049192834398,-3.7384546036698234,-1.5816666105958022,0.18761337141682824,3.20091756908743,1.745103271341925,0.21344399886695042,-0.0065256224208379565,-1.217894276616262,-0.1398967550174521,-0.9548380968035248,0.6681804908993956,-0.05622039885416165,1.5130199624519651,1.3729630139231772,-1.3134585683868196,0.6095924562064228,0.6197413875065418,1.6274429531649528,4.50959422909365,0.5675574104114022,0.9560910631832223,0.9324561415508934,-0.4812214552264138,-0.39645672183938824,0.1185873985745125,-0.8914973594483013,-0.9724203259309835,-0.7017563074352189,-0.9276918628320583,-0.19290492602284895,-1.1676003860403932,0.43025736363779865,-1.6747028874481333,0.6981936998799564,-0.7948548417224909,-0.2484786238649698,0.21453702283651002,0.2298668193968364,0.5307896972510189,-0.7562866494753283,0.1077866727875658,0.9026101579351885,0.14141974857169357,0.09251415191355361,-0.17940839366485903,2
-5.012467953123212,0.7889775194487749,0.12320049324642796,0.41426578666347275,-1.0677521021629381,0.7281108303475118,0.7673374132992334,0.32999302781865464,2.541228381761372,-1.3380595004444857,-2.328052129550992,0.9466199491172445,-0.04101261799188832,1.7416614132389165,-0.19645378240613423,-7.305572503377434,-3.159930276926177,0.18873039943822895,-3.999212734010208,-1.1214014205579417,1.0354254344131117,-0.8158940917565352,0.23395199864882552,-0.06753142512261695,-1.1549293150367688,-2.475258306088772,0.6649373179706672,0.4208922403838984,-0.34451958349622464,-2.382841941321348,-0.7273318569770624,0.29252413053704757,-1.4822372220423925,6.488943790344565,2.080314258109134,-1.8010361823545997,1.983859734110724,-0.7182525203626687,-1.1021027507403054,0.00612015020495571,-0.9124527877970782,-0.5330306601389762,0.9772770242705147,-0.00024334562252112174,-0.8598624691505946,2.2354185021282156,4.729048844880915,0.05568747808156075,0.5921403142519512,-1.0452798994486814,0.3527412295869309,-0.08367955097080183,1.9487196171496657,-0.1930724322333413,-2.1433925123942967,-0.11788426453519311,1.0128328077794986,-0.612650021477103,2.8763179744987304,-0.408332724369099,2
-0.0013018409065985355,-1.2019425322382706,2.086421715062901,0.2306659199335548,-0.6238002920644082,-1.5011069916300126,-0.3756661191956731,1.0419143254207892,-1.7166278472735916,0.5265853628894035,-2.7727258270722874,0.5652234729236855,-1.4950872519669338,0.3349063582841648,0.4158269831148106,-4.8214184218387155,-2.3806752456857003,0.4600797510175246,-0.8483882111551816,1.103015474669573,-1.3473712412396748,-0.2363693232026948,-0.5056995154488454,0.45082327846667763,1.0115686238399184,-0.27083887392590483,0.24544862085458258,2.3104643906372626,-0.7157770938141539,-0.7122689356194477,0.8729879859083011,-0.7652429626360625,0.9242460040313975,2.2366112247126346,0.4455145370641826,1.936389605903664,1.193778912015481,-1.470418831279603,2.9718634335126612,-1.6407009827859573,0.2654118521226006,-0.2915494820064476,0.10195167889919825,-0.5921734534352558,-0.07475093708782346,0.05548969130535397,0.06620785094636367,1.3213036992017873,-0.03238447376476758,-2.1255265049505003,-1.2700829339708608,0.2899275586087736,2.101966630386486,0.10474597824765033,0.040771691526375206,-0.47651913523859335,-0.9653694662898651,-0.1100621517445994,0.46707379716237374,0.053885220833628185,2
1.8587854890376274,1.1364953572903143,-0.06873259358685718,1.4753757637102802,-0.32614416319611916,-0.9712568138892318,-0.2381248383449746,0.6676065265542513,1.4376084444027213,-1.0084039261715025,1.2126307223941757,-0.5682208367130831,-0.5331611290651908,-2.4594382052745094,-0.1474659029647874,3.881962923485622,4.48703682360614,1.397514731907459,7.654837377933289,1.697470389281115,-0.06957559876636378,0.14225550755791336,-1.210765421246691,-1.2115878181968127,-0.3024116695560667,4.726505922521207,0.22745977860574762,3.1490069643122975,-0.34284507810901166,1.1271233043963027,-0.7028707751616192,0.16874050967528376,-0.19073008640401887,-7.148451907257327,-0.013196132381752244,-1.2746368858554817,1.0410492883562619,1.1374575430127813,-0.2015175285249027,-1.668450754869307,0.45115281973862287,0.45155042625257247,-1.2677465736151772,1.701792101538562,0.2399935051266813,-2.9482783532783605,-4.360754432509434,-1.4494730358034844,-0.16320050774805742,0.20442219719478472,-0.7375675709623474,-1.9322827211833773,-1.1114956613712088,-0.9232361356697696,1.6970546597239866,0.4667947742561354,1.0547071575436449,-0.6394574375014047,-0.37859678129018703,-1.1576900630542082,1
0.015506055496058772,0.1356564192906978,-0.685711777155661,-0.6635690580127322,-1.707649383125218,0.49166883200969064,-0.736992330656528,0.39293346092141807,-3.37033618207136,0.14621040871541796,1.1386448141147112,0.8457968563572118,0.9591516765490222,-0.02996787517371602,-0.2447798579054633,4.989917155493492,1.0585184375682257,1.5323653308491296,-6.010184637281958,1.1298028516395635,0.06412809383997362,1.491168314225383,-2.8559892428611966,1.35432989677456,-0.7611632412653166,-4.8848181542662825,0.10981592884204117,-5.189914890747403,0.7857412897111967,0.3015807215838173,-0.250751431778331,0.4353298362643412,0.8379178537723022,0.16842345352762028,0.4423283109989927,-2.305279547965073,1.3329706084378774,2.308017698250543,3.380149778580659,1.593472521696484,-0.4563623801332636,-1.8913934531926484,0.5018591903955252,0.04544273233222131,-0.7803593809454268,-0.1747386946047289,6.267801473894187,0.5403222707374178,-0.28836188122356626,-0.012336543741892747,-0.7937924840588386,0.8999118663887735,-2.278201256875418,0.49425542288060725,-0.30659436148979985,-0.030721548604742365,-0.8566605509334115,-0.43292832039842405,1.0102636736862698,-1.2689914898307182,0
5.648268137024846,-0.40230757709863785,-0.48145920889894434,2.461493490733302,0.14221286265806904,-2.195745460299462,-0.1910345771867974,0.6475261809516598,-0.7941451473383487,-0.10882531121503705,1.0165426052717996,-0.18751104721531495,-0.37645067600284327,1.2601448757694347,-1.4632768120857624,-4.323844407019136,-3.8984425980671933,0.006365889058304394,-6.563377293759245,0.1829367478209555,0.43988309538846887,-0.5697013875153973,0.3643820305559906,0.3472628228341112,0.48332918106650036,3.060153564943988,-0.27707377155817586,3.3996040453407783,-0.6583352953614889,0.530907676735273,0.21847565298544935,-1.770135539636879,0.9257525637036188,-0.5809794547117471,-0.566094469272803,-1.2492932104666612,-0.45504286629589874,-4.357085834394914,-0.6311114803883237,-1.048040808959909,-0.5135367526164957,-0.5337833422193561,0.31834121301104534,0.30528480643021394,0.13364980447246558,3.659438489706361,0.08604546376342952,-1.0563034191355287,-0.2243023727476552,-4.312204541370825,0.027401074486078467,-1.6408127395761454,3.5231234826823283,-0.02070572230237654,-0.6529160807078161,-0.4992909084863701,0.8531228764253084,1.043634616184244,3.1954081384177315,-0.2374270014077138,2
-5.165258928034305,0.310627254357165,0.7730823723542751,1.1022945628205107,0.4390573971287585,-0.8192974398165408,1.0228027499615298,-1.2795389513121784,0.2818514371335099,-1.0617375324149965,0.42209768011584914,-0.3828934467746463,-0.22124550655141986,0.953604342141729,0.9137604021578942,2.8430206437933796,3.735118969013022,-0.5210329285878214,-2.720979813379503,-0.5016680728857302,0.9855421740763651,-0.36990104546802405,-0.5867099081487872,0.12093000141195262,0.9860817424321322,-4.136126392476612,1.573593033334948,1.6188243666273323,1.144427459644124,-2.3435085823637296,-0.30836881394924565,-0.16249776433564891,0.35809958289124727,-0.8234717311517638,2.4359926764663995,0.08021909899914209,2.360108470751474,-0.3895350214490513,0.03669460118907226,-0.9576344284558399,-1.2352072655184791,1.8344091685014474,1.545225409371374,-0.6089747611860167,0.21064948636393768,1.6962556545112792,3.494433927961056,1.3280015142171002,-1.4338544576382972,2.4498181151025666,-0.8072780096591268,-1.033031850654197,-1.2636573202305108,-1.5447527151162683,-0.11620264025877812,0.33536128467438253,1.1401405600523062,0.09688000784855312,1.6696579283471937,0.619247334583021,2
7.255094514775233,-1.5366389009496022,,0.4211732265819475,0.40887900063186366,0.6655849430667965,0.9713931021430959,2.569506152435933,-1.1520864470099152,0.1457775091673821,2.0128669552854754,0.6868621272864411,2.727359702409499,-1.4265552817998606,0.44697955612125384,0.972117502031086,-1.4400555243635111,-0.07134169729034448,-1.8364411572441035,-0.6485278132383967,0.7998062928201565,0.33854302574051653,-0.1717708506034031,1.197190957958936,0.04239498673879082,3.831975437009422,0.45497616911902095,2.7946422220044194,0.5750963631286746,-0.6756281142441558,-0.5526279100762321,0.0983077083882902,0.1520493310229803,-7.300104029163105,-0.42071123059186843,0.8512457817294108,-1.6809081963377355,-0.42565113251916453,-0.9926163492945267,-0.9486811699401407,-0.5806904149296438,-0.65029699278869,1.2495307236517275,-0.4232922416913996,0.9174898957848946,1.4068988858036646,0.7473908343910808,-1.079196944894296,-1.4620335167676004,-2.0279434405611063,-1.8445762311105884,-0.22041692749820854,1.0035523704745644,0.5388810560256598,-1.6994189450976827,2.163100942680612,-0.14523934072779623,0.9930398828805027,2.4253198967075678,-0.680967783285462,0
-1.7191625813506208,0.8537636181219457,0.4904444483426685,0.4251216724210234,0.5017219326638228,0.46329912593228817,0.893414435847256,1.858608896678514,0.1521114739829028,-1.1061324290855088,-3.621947800366148,-0.12052474807091519,-0.48127761209236003,0.0009369242556694912,-1.000024640356177,-2.032532468042261,-2.488789338669571,-0.08548126104701269,7.142889507289816,-0.9927934751956536,-0.6426497279703051,-0.18509282967192134,-0.018183379291352917,-0.47453861914581935,-0.12237623300863235,-0.721666836716333,0.32585063785263874,1.2486198850029993,1.698926154626758,-2.001096449661582,-0.11792829080197186,-2.1801199036603616,-1.234357451229321,-0.15420541130623766,-0.45039363103137864,0.11329681963405817,0.9765138464790157,3.7291800465763796,-0.07808282007888605,-0.8059314572716879,0.7381614484080973,1.061590336913391,-0.06690749367243819,0.5895792449606518,1.4130260151224059,-1.4884730328660751,3.2969456814967524,-0.33614659849651213,0.7588994548755211,-0.9057288639234977,0.046075787835881885,1.2010694581050843,-1.4338071605487923,0.26498652981327486,-0.5360249228981794,-1.9134303722620998,-0.02843515495244932,0.24537626177908456,0.07947896144984656,0.8625645966638215,2
5.238895688210186,-0.41412411478061106,0.5440961809526252,-0.5949814292091709,0.6079165183749211,0.012277889024038651,0.8012444546610487,-0.6684349334331847,-1.6480398816955288,1.3374341079154177,2.4527251459120145,1.0803255409004417,-1.7852650478415524,0.13137723452088768,1.0195977320447756,9.253557415285833,-1.6677739481425613,-0.40693917131358454,0.5669655992275513,-0.18783719961506878,0.323649441488623,0.9802242536452651,0.5251789815885975,-0.1308803053453823,1.0933590328972784,-2.2214919988310178,-1.0865865087360398,0.49992586438207276,0.1118570513446818,3.7465539557916534,0.4850648214662459,0.6311447092848549,-2.238703812238559,-5.9719202987115665,0.64129233148137,1.5091109687410915,1.5548377161941098,3.769308959550767,0.5984994431103322,0.14909600425175518,-1.17506908085908,0.7223753048192962,0.8548990367382083,0.0013343252784288457,-1.452141935416829,-0.4454670692073015,-0.7765012364516481,-0.9081969077676442,-1.8625518897786406,1.6255140017964576,-0.7658596426094598,-0.11996312886729316,0.6039303563614957,-1.3953575178324074,-0.4823090268978925,-0.7598176288010622,0.4369836443271035,-2.3302853340321397,0.4947967703699332,0.7047789667612497,1
-5.569514975977531,-1.7442421269392874,0.7245969964424639,0.3774647190539862,0.7947392170553069,0.4201532939862862,-1.8673445686995063,0.44272027519264323,-2.224278060490475,1.1416288643294894,-0.568854280307574,-0.9636900568518333,-0.3308801343832965,1.7137599866182875,-0.31374127735429075,7.755101127822742,2.6980497223262607,1.82995966975421,0.8126756465024437,-0.44215497023652023,-0.11373857318463888,-2.5494230555846977,-0.5443635815090949,-0.17885512150830743,-0.38712042634755656,0.8053862685905814,-0.14772204508307624,-6.165044467501206,-0.9508622854666883,2.287847454174261,1.0796812047223765,-1.0661332714733105,-0.20462128792634549,0.376656978954939,-1.1520616602649387,0.11206637517823875,-0.47309824554042657,0.6887242648769454,2.5956334510151278,0.7264928320846895,0.07132431612448889,-0.017964288457156176,0.11118314335724447,0.4087269349745743,-1.6306817809243175,-3.655290535550697,3.130903157027738,-1.2757961552999642,1.337806455426785,0.4277336100608351,0.061212371394754946,-0.35088477362899917,-3.209863944860726,0.9963509875907843,0.07186416445833355,-0.07139186831065085,-0.22344290986312845,0.9313409231830024,3.534690782305544,0.5150546263523341,0
6.3467038836714,-0.7288399587541092,-1.4819470130726777,0.08351054990097202,0.09471925411363737,0.985999266936274,1.4642684555550287,-0.6760416041030876,-1.3572789639360279,-0.10977463910017636,-0.5856795291232024,-2.2291258960576865,-1.3303308529467035,0.08805665640990334,-0.03879871444161535,-6.972992872121878,-5.257775654475985,0.18812319186147783,0.04522694006083138,0.26210083651778127,-0.727464305673927,1.0696094124565543,-0.20854215450064256,1.1547267197352027,1.3324438280783,-0.8948370866948441,1.158262295580034,1.6013978911993836,0.2632132303619304,-0.5282476202270412,-0.14719800650758755,-0.18312986127934006,0.10014310856508608,-0.10008068073685145,-1.4865682262599316,-0.6813258209423623,-0.6803213948074693,0.35439293490993795,0.5329930547380988,-2.1023206054737216,-0.9480883863777968,0.5632686525449273,0.7910087097732184,0.02481433131650843,-0.030621131396822827,2.2357343021336398,0.3997365892543323,1.487698603854576,-0.4870762148588538,-4.907723092294149,1.4017534423040345,2.1312274760986716,2.2342619099493577,0.45928709768736153,0.12230429008852294,-0.15029526060113338,-0.5853593944774028,0.6090553462441526,-1.0558439687842562,2.2080962955288306,2
1.3980590166534674,-0.43883549858763393,0.18068705853237874,-0.208025222969081,0.20235139831132049,0.6611842262657825,0.9992107079043258,1.8655649006872297,-1.1173435845490156,-0.09524738878747037,-3.654889113514089,0.19461864787000738,0.4036583099795738,-0.6404659076990464,0.5120196042978917,-7.8509235496042225,-3.592946683907236,0.6625218691680325,1.4980600913402147,0.6014419719234703,-0.5284719699897366,-2.424178003827882,2.1856978890881797,0.6796846464206171,0.20627299219560866,-0.20128837116754675,0.3008260070455914,3.8108504563377137,0.02729237665881134,-1.5955928863616453,-1.273035894847453,-0.6344673705451552,0.49162736422323294,-1.9833060319017972,-0.8680056355106488,1.0347485258948153,1.2535582647366164,-0.10466744964913588,3.174325551357147,-5.009565068153369,0.7956444585403569,-0.2632170143995981,-0.7055627989548114,-0.19522814470389221,-0.31096425779013315,1.505715817831671,2.0570255222297082,1.0145604493579286,-0.8265465998842367,-4.272649028244892,-0.993663081550909,0.07969195998551978,2.596530194632294,0.06499940583025574,0.396286310742314,-0.0844623539595969,-0.4737097384137439,0.2715300928230187,2.62041397809366,1.865921240612676,2
8.91560265740584,1.4070952404147785,0.21116530100903244,-0.22823799315163162,1.1559399662106669,-0.7728383221091801,-0.268800897457415,-0.291439340947042,-1.919885456220515,1.7223631860518263,1.985666590503445,-0.0006862467744823963,-0.5813090271173471,0.8257161579618433,0.22560249171924737,-0.8779303874009835,-4.851484558848968,1.9029089661989635,-2.621929849045556,0.716051135263064,0.6765221080112457,-0.048951816308141854,0.6435005365971885,2.085124461277032,2.7587772478110417,2.8190926579213675,-0.2716495524068253,3.7381694973425037,-0.9009309448493683,1.4982042870825079,-0.5960223964991872,1.0040239723364386,-0.09416259360018435,-5.34853354153468,0.6813424256547557,-0.2883168697401522,-1.9592866278581367,-2.034945745920485,-0.5737859853392783,-2.4936326377033904,,0.24822993507743465,0.7594906864540071,-2.1429445616931524,-0.6713311034646485,2.738886740149563,-2.121467796918643,0.2792001487227579,0.001059167961821749,-3.675222011057611,0.758249034211963,-0.07932611848515568,3.880045961602251,0.9900831639936891,0.7812966426817124,0.7800313928250462,-0.9980256063249587,0.25610724507071736,2.298711738350267,0.3065782751484678,2
-9.631589774709429,-0.6331630716148046,,-0.003989429481267046,0.2563453548805646,-0.5578382451316982,1.8794108073215259,-0.28659012557022134,2.400775628924941,0.6369700782640833,0.3244769294252412,0.11872091923739972,-0.335471460838838,2.192052783146453,-1.2257914851809475,-4.448605443549843,0.9560728943772276,-1.7608275329585021,-3.5823314253823164,-0.3563082450223266,0.2235191349958723,-0.7618450969781418,-0.21837008016971785,0.0774149557353474,-1.877830876067222,-8.986184962573876,0.861424572524556,-3.371253424933194,-0.18328167650274144,-4.883138671763071,1.9784369201361247,-1.0678224690281883,-0.39240995928390154,6.805174246716649,-1.495580576186661,-0.8473994592019098,0.03733867899536791,1.3156925994431092,-1.1148490778476143,-1.2425863121969636,-0.9602420684041661,-0.36995869603981696,1.785756915720058,-2.0821790630336947,1.3105238432670179,1.3933778742909984,4.1049992090503356,0.6462919036917023,0.08546121275338489,2.6318878329804773,-0.44148886246801694,-0.42995864579488924,1.0632569250130572,1.1865385564481365,-0.6936411667545445,-0.8396002867477903,0.546684063723304,-0.329043851857876,-0.05756543736428732,-1.6162661457670928,2
-0.02501730369330579,-0.5671509901316188,-1.7780249658410585,-0.5901084061327401,-0.9304879345378066,0.48692494721187946,1.6532963487951777,0.09886908913183513,0.26535301224766217,-0.6970892591780458,-0.08726637363921463,-0.6617258398621126,-0.6610851291537564,2.4412754536089936,-1.0952627836528417,-2.8329343217911966,-3.171967854617664,-2.000576078362866,-4.755654376259475,-1.3350523199415294,0.6467405786976876,-2.3911295961130907,-2.2165285965750026,2.8086874504384176,-0.8052958126562947,-0.18577595333446134,-0.3328502650017941,3.3036664164478293,-0.2773857662212935,0.0011860434934078956,-2.003579874871768,0.1246342019944168,1.04298096247151,2.5200496412801843,1.4192894501327258,-0.1518695387949266,1.4540779850283627,-2.842873891571192,-0.36578359730723514,-0.8543376485592952,-1.878204537803571,0.43367258058229596,0.4270924607622362,0.8494613239905715,-0.26618623231036487,2.0206054541223635,0.10062366794487392,-0.8485912663189409,-0.42738403565706384,-1.5013491446545721,-0.5864427181502997,0.6057362818942008,3.7552236826888006,0.11836954613169598,-0.6116845805072847,0.8853625426112812,0.8503691928451103,1.814839917919452,2.8638682334327283,-0.005846305049848549,2
-0.2574778533831108,0.510210148246411,0.392002583446641,-0.33971485164290466,0.03561434108602459,-1.012421998842608,0.3584973808143647,-0.5665630169755967,-0.41171726709378464,-0.32151280841649044,-2.7100748484427877,-0.9394812281278543,0.28144505572189316,-2.571187026036724,-0.654875973957791,-0.5377316054076497,-1.097613860447056,0.05442727521013373,-0.030598334066173797,1.8742760906059859,0.4406072569699391,0.008841772354883677,0.4921774034283972,0.2819867517062984,-1.0626730249285117,0.1715825780514483,-0.5410247713960286,-3.467206801968849,0.06894205809604963,0.1264134839606169,-1.7630545763714252,-0.4246215587167818,0.037437068793705765,-1.118623821614801,-0.2983308402480882,-0.18094104631111765,0.5132721602556778,3.1599060129662515,2.062592366541622,0.9656505115084533,0.22681908925404357,-1.1297478180046072,0.49936224643691113,-0.8651133634687833,1.736115949895032,-0.5094319460955892,5.627114761694335,-0.36880824852207394,0.2693705951883843,-0.25558804578124505,1.8231215215585033,-0.8394396538518765,-2.2710472274080207,2.2721814526647686,0.26766386321120894,2.2545361021078656,-1.3445857570134712,0.36231500116080956,1.937867678884492,-1.5690420113095427,0
-0.8209182379113419,0.24304914034685124,-1.260911135676816,2.22081912036954,-0.1336644556398772,-0.941824543703402,0.15270169941871445,1.6643146214243112,-3.4106027489645467,-1.2356378234873526,-2.6929244439037108,-0.5967262954992781,-0.17217676107926036,1.4677286142227925,-0.041732455298845894,2.3220324632164133,-0.24622391656400658,-0.643246589693029,2.7603394590325716,1.9089597412654113,0.8425253578301907,-0.2088590495526261,-0.000652542097019699,0.10800193822930938,1.8904921616769788,0.7118819647131692,0.8403431504004094,0.8514943982106533,0.31084497177152365,0.6157241512159097,0.9390872555159956,-0.7134724189613434,-0.7079455707935753,-0.6220301666324531,-3.100518315375369,0.16106060641290146,0.7294895572324599,-0.5870378160333836,2.5914068710423845,-0.8219552755319395,0.3465510270923149,-0.3865112025796552,-0.36845235517238145,0.2676630379244288,1.3895106441199128,-0.9633330030016312,1.8801377312540206,1.8954210067871966,0.04690980816485651,-1.824920225549518,0.39823857905899845,-2.2286801844253534,-2.088795256474887,-1.261950692227527,1.8832615668667427,-2.3849463810234943,-0.27849306825906067,-0.6465282198191907,1.009864334370215,-1.7526470161326217,2
-3.20395584572703,-1.6447408424975563,1.3039743705145472,0.4017314054166394,1.814046329058915,-0.9864699064811835,0.5646810681327797,-0.0932365086643296,4.199802769348011,0.11874822003972352,-0.13760093849223098,-0.660169197515097,-0.7082089975535188,-3.291911035043569,-0.15921430483934854,1.018324193311555,7.317912144398955,-0.10618786104854232,3.172143122591408,-0.8460972013395615,-1.5370460843900455,0.5890435396780328,0.31675411761736444,1.4251251865870396,0.3917029056213892,5.869410931270044,-1.4155339292881792,2.3456078930386504,-0.030850763825272586,-0.7662578202198662,0.08298719365424297,0.19457198091630912,-0.4139604055192921,-3.5375892106331954,0.3135338770450984,-0.3532278267338046,1.4442879956388504,-1.5560143954179,-2.4419154674782364,1.10061253231299,-0.8259475130812093,-0.6070849354948239,0.7116102236545875,-0.4143043916358271,-0.10712963484093185,-0.24802405320926313,-0.5300463195981081,-0.04293519400307513,-0.41141191368493285,2.0856671884934426,-0.15711329491889997,-0.17310728612401202,-3.841755548329072,0.45134978456705627,-0.9599990572953289,-0.8717807697458232,1.5193835478035362,1.122513981992394,0.6525154394626278,0.8646877407722353,1
-0.7294939001490814,1.4265548185181705,1.0637385661630874,0.4297994895300968,-1.177358387800693,0.33902361035892326,0.9808973683835126,-0.20348193185050395,2.8743054564391777,1.2218433476960013,-1.6092644385842563,-0.9222763573636026,1.535187011867568,1.4372003325442742,-3.10460525172614,-3.51080536390519,-3.023599872956755,1.0288767395270133,8.06146525087006,-1.2129736395984096,-0.5111729679392071,-0.677735582877834,0.502727596310878,-0.14131453035556812,,1.2015221057968177,-0.73735135757773,2.1998832558825714,0.24799916455603563,-2.0980161414683867,-0.26551267532945166,-1.13888405523677,-0.9338205777905582,1.3077629311370988,-1.9671064574613675,0.9568066274758615,-0.5561009623280027,2.290624985041751,-4.9745892819702675,0.3853065787641039,-2.1829752864510104,0.8790623081691834,1.319467843955265,0.20321836616134548,0.3520231259296081,0.002593113883171849,1.1601037538686214,-0.08955565133460715,0.9329363289683655,-1.3954477005773007,0.7763403679167561,0.43244413147749516,-1.285286885145121,-0.11053110976773887,0.041870050266884756,-0.921280639493207,-0.19334594971272004,-1.0125479672890298,-1.0387670339242052,1.8782861489784277,2
-3.611400572888004,-1.7599308104071698,1.3936019292943915,0.5737439605212308,-0.5137489735645697,-0.7651561203111347,0.8568280095944134,1.2148779184985348,-1.2460526517702883,-1.1410261183027133,-1.674913889808633,-0.4095877639036041,0.3435904805129956,1.8460923173662025,0.1499548875696409,-5.9013663688336155,-3.213345623447257,-0.8976308975673679,-8.926246650538785,-0.2084371897281555,0.36537005443400206,0.07959425276352049,-0.05719055484082387,0.27147758393157706,2.378967221854361,-6.818371341079281,-0.07264530804509264,-2.8853756979103684,0.2460300742177463,-1.2255022746472426,1.1520373194649425,-0.03848132781335097,-0.6782783958059331,7.644532245095559,1.3672901497693004,0.790759760837597,2.6268982211436596,-0.3561198444908753,3.53699060397527,-0.43487718641823603,-1.400654608642907,-0.27599635731722516,-0.273952221390286,0.40772732330583833,1.8100617105393326,2.072988614006152,5.976741989823024,-0.471485832780439,-0.8209218107267322,-1.952423648439049,-0.3418083255745968,1.5266845775258495,2.4253016784945114,0.43381813337012287,0.6899937227307291,1.1138925845280252,-0.08141274691167123,0.2937609175533706,2.1464955823095044,1.293900793537247,2
9.52081261289942,1.1446793456301878,-0.49331835064077517,-0.1534563498998187,0.9454507782664937,-0.7751670435910348,0.5547507544352444,0.6149121541573556,2.778449734084274,-0.7312486577209044,2.7625368729113804,0.8318881936558737,-0.4476171560874035,-3.5407104530595923,-0.6599835456636276,-2.8536035009709075,-6.863654061817427,1.2423725629278541,2.0168150925261075,0.877710283523533,0.5148012298959235,-0.30493856611388925,0.9512921636025845,-0.9590239668408239,-0.06266709145549981,3.0277133214555607,-0.6508753726957465,-4.365116876962208,0.9377653543631507,-0.0653596388696116,-0.6219941411776553,1.8315550672750278,1.3578215751162008,-6.2974143818609205,0.1512317882065191,-0.5148512657211043,-2.6837330337983647,7.83906531206173,-2.987662400004868,0.20945332407602824,,0.14574961953687,-0.9747411862859306,-0.6006860614775598,0.2747434730238986,-1.4325307273848549,4.128645197821238,0.6650898382756999,-0.6219225113057055,-3.9170817660753965,-0.24646179191849052,1.194231694471712,2.2137943088889407,0.5287079213637309,0.25747952847747047,-1.103409468109909,-2.468524680125007,-1.744947686667833,3.2472656886354474,-1.3808341199753256,0
0.8262635480486461,-0.17567012076648664,-1.4268274571197739,0.07602777318039415,0.05819162798660545,-0.650489084089008,-0.2116223787542216,-0.07783594982388313,1.7921353626001113,-1.628757728938938,-3.068179415090926,-0.3369489226286615,0.13852728610472018,-3.425868406797966,-1.2057273162309166,-0.7696230411575323,0.5895725802924665,2.106611548176073,-3.8893404085216026,1.2799717033334885,2.634226417635905,0.9812465300644307,-0.8233136364531594,-0.528052907454398,-1.1296736355054995,2.181645880218521,-0.03598860285756487,2.0109820728561925,0.22775082720947515,0.36447167109439393,-2.357835743199773,-0.56808294634521,-0.6015000416597999,-2.0768184097571125,-1.0459574838905865,-1.5905647631749567,2.7188899474041044,-0.5425741754957465,-1.0874742739777052,3.2015497947129186,0.18512339095254277,0.2205251319352799,-1.0804494270940688,0.15288926660064245,0.13357909028038065,4.576145072001154,5.973216474097437,-0.09386245309879679,-1.1394474175255473,1.6732521871295536,0.6464438913965088,-0.7472629779049722,-3.882934314127548,1.1027580706619884,-1.1487304786589083,-2.942254412122821,-2.2763505370525623,-0.5708573143723126,1.8309485799317504,0.3106925500432602,1
1.791363524800017,1.2411972794100847,0.1384556751943394,-0.9602982765153527,-0.8171128024743091,0.26797134382513466,1.3006560862107532,0.6363184450606509,-4.770671060941606,1.4579210241187814,0.49714448474364614,1.5847662340598578,-0.7278847395230872,2.578571522003703,-1.1894026240254314,6.630456949801433,-0.2771018392373209,2.1731656641430206,4.662980516899974,0.9021075187431092,-1.2448897194926127,1.268377953894445,0.5203804150674787,-1.6146269571095442,-0.15555329713710625,3.6544522770330565,1.1034435879634088,-0.1746087207378425,1.0586190526405768,-1.146025920560422,-0.533345760023203,-1.9271691230787533,0.08002895760211147,-6.066236620732236,0.7756464927937428,-2.307531518332483,-5.145470472268339,-0.693908252924379,-0.5997282759499295,-1.5712574967517998,-0.03908311293590771,0.24828825155085418,-1.0367312975296414,-0.3005902746886178,-0.039864473999883895,-1.6815607585307766,1.0289310210548879,-1.1582600638508858,0.9019828853216819,-1.7340311883844395,2.3570918307703197,-1.279718284968634,-2.5174018653617045,0.5011699345275458,0.0008490524646252518,-0.6885500475836172,-1.9932690506191848,-0.07170079517415945,2.0237782498772208,0.2348535989675112,0
-4.394369226608666,0.47716990918982766,-0.7491747481395453,0.3032487271273045,-1.462817557865113,0.1902017047786202,0.17133435597097285,-1.1260291332528498,1.0518887803107893,0.715359838187284,-1.7193894371122826,0.8240618125291201,0.2093354062588101,1.5697427518612264,0.6554822739110695,-5.688926098795456,-1.3527075986219248,-0.24249077662501028,-0.743710620535411,-1.0037697949496258,-1.7462839262808176,-1.0016769403000378,-1.0531930946629688,0.3060193007370226,,-3.0406625354376478,-0.4118957351268813,2.682712512849414,0.4234160439771832,-2.371728027313229,-0.9718456109487004,0.7545823969062868,0.9936935155554585,4.575196292042884,0.2714499105553081,0.5185587020070208,1.2476438095453402,-1.337414782157794,0.45708983569698375,-2.0273851876657125,0.5310223936177898,0.37193984399376884,0.8967824305589379,-1.8428318545324984,-2.385202237126447,0.6284695981252646,-0.8871387914166213,0.06723298630947383,1.578563907516695,0.3539856940356281,0.16847861656047652,-0.8611318962265074,3.1888522625957925,-0.30297458421914075,0.8915790130957462,0.739196767739077,0.18190859881002217,-0.35384268066007957,-0.03788209555644051,-0.9854567877872806,2
7.7160282063795975,-0.6529262439013277,-0.18251906961816533,-0.09451394036776779,-0.2616171710657256,-0.6167044624440465,1.0246113140976034,1.0425312731269996,-0.43158448233628555,-0.3342287786319356,0.3654138412428163,-0.3994000361605468,0.23977382006463066,-6.183964127565445,0.8437544717073701,1.3475457530098438,1.7611949333335677,-2.1250949013876346,-7.577675517568248,0.712759778953743,-0.5666817550530255,0.176560999854937,-1.4407362512974415,1.0177298761098128,-0.5073348564789819,2.081039829712367,-2.3019754255476816,2.0865328165051373,-1.8633143983039944,1.7051076840823822,-1.8411817779965878,0.9143355976480257,-0.6963096443896655,-6.266456683825045,-0.24403602850164244,0.3174529469170262,1.1618710280285374,-1.0470574213098565,1.3589605194584333,2.7116370777636343,0.17469430219952756,0.5126066028613423,-2.704789797858965,1.125321305966439,0.7499914982618201,4.2095691675472064,0.48496365520410273,1.2082466735435573,1.3985123554517127,2.8613975543841734,-1.0699260455641393,0.8981053934866166,-1.3606273115071643,-0.45035445720749606,-1.0508214257847202,0.1054212793658609,1.2181487731949132,-1.0471510231690915,-1.0750788924862071,0.06270837390252233,0
17.048972297208525,1.3405439786485478,2.66528782770926,0.24667789653275737,-0.32160908753101564,0.4341294250559228,-2.0348954834495037,-0.6617998452810052,-2.9617555830940763,1.0936904388493114,2.9371718566435625,-1.526322771430508,-0.24809503187266307,-5.611271884360824,-0.23569038306016202,3.416095021289126,-6.469988065230096,1.1892930782887645,-6.823071295650862,3.0934295306709054,-0.12310986353093074,0.5620627521252283,1.2646569070225409,1.0348098433880861,0.4768625848820571,7.083615821678052,0.2251036591740787,3.6542234544026826,-1.1268816461321651,0.4233234963533824,1.3371771663549992,-0.34275849308682865,0.6141921562419851,-12.619854460863092,-1.2518429594247726,-0.2987697225650584,-2.853874398518024,2.025083318881632,0.2773467601590109,1.8671463995732216,-0.5912495593693663,-0.028947314811212464,-0.9397971111931315,0.029094673412294915,0.7878960241588959,0.35657918750000517,0.07849387687150967,1.3628546991207866,-0.6625441002745424,-0.19022958840391968,0.9014341651353672,-1.8530403297532667,4.366507451039887,0.273366852785388,-0.6207181230425978,0.5171905303833785,1.1287067208503205,0.4298361510480887,3.2636562190527503,1.0794130139575415,0
6.49515591193145,-0.4454763941595193,-0.9487133745237626,0.002649894000555205,1.1098019356523492,0.01900847055735139,-0.21091903980712268,-0.842512589974095,1.4526155703300965,1.676003132097328,8.139901137073103,1.416703090186196,-0.983472924704131,-3.2343520557952488,0.42973358089008773,15.726575186778588,9.947446365105538,-0.4166624752488566,2.641390417087135,-0.18291737393629193,-1.2163523825740405,-0.04021613622880173,0.3383158317453486,-0.6514117900064127,0.8838485360207424,3.441240187207894,0.20695890108428602,2.721370803037961,1.781117990739303,4.716327069260465,1.08880808365036,-0.21971975486729126,0.46796402562632067,-17.06415276758655,-1.5006773673585996,-1.5380750059329107,4.256753717428486,2.623629290651893,-0.1303307808871378,-2.431025504278307,-1.402473334435212,-0.6028007053640265,0.18149576750069443,-1.4182008872462801,-0.06809149289206254,-1.4942718027280095,-2.6742947417564245,-1.347554867109096,0.6309093189212194,0.46242898697952417,-0.8487855003110211,1.7884857679782629,-2.3122299792300334,0.9382076205512876,-0.5026886992079616,-0.6906203534244281,-0.04836263658450752,-1.1343811757849072,3.3284558890669578,-0.8602998421916145,1
3.7930747965485616,1.559405682219119,-1.2885241362644557,0.8477983179727842,0.669424263341311,0.9484666802726955,0.5233674076776007,0.6285179141007702,0.6829306546585614,-2.779706885795537,1.454644350432997,0.6143183401619791,-0.7724243274154764,0.40623028819352336,0.5354728870200005,-3.215397640322408,-4.084840697061595,0.04675368604771875,-0.5548103135759561,-1.0332062627430956,0.5985379144403611,1.1228921233039248,1.060328069032085,-0.2662933693969185,-0.7981073383702644,-1.2043848424896508,-0.49916209588543603,-2.8251017833226904,0.44180112774607294,0.797141182784442,0.46884554166662357,0.7639433447420039,-0.9968576286326885,0.820297927757578,-1.1432683228290843,1.3980015312032619,-0.39633476416092694,2.610897896350363,-0.6635617634887034,-0.45028307047623417,1.508063646152072,-0.19422091446483644,1.0111052126717612,-0.24813440326135078,-0.9458258640742688,0.26560183887967526,1.758125816731354,1.058130098732369,1.363232563694452,-3.687131235048806,-0.03412275745795514,-0.44203714838987546,1.7293497656659707,-1.143660799663702,-0.6541640551421107,-0.5167337414509551,0.8021645824944096,0.9391168196035135,0.716239779930732,-0.5360180747639782,0
-0.6615218231359892,0.684796912338397,1.6173705681332158,-2.245229791402062,-1.2157072288143198,-1.8245375678555704,0.21158079207675504,0.23422012606269238,-0.18707044319005395,,3.394012001980419,0.01273790663095104,0.0798509452063441,-0.30286027435893637,1.7094518374899201,5.4154207852926115,3.483498613882465,-0.5750877867928851,6.084385251264583,-1.5984961200839993,-0.20074065570916874,0.17707504176604816,-0.2166516954147601,-1.1158435469763004,0.10304156577138852,-0.49382414728065055,0.9556292730487395,-6.06829420277221,-1.4611316385400315,0.14623363005053025,-0.04212827617531806,-1.290486032779948,-0.2010681464246827,-4.6082752910244,1.0572344046841624,1.115511691428727,-3.3823472410595388,4.033112796049906,-0.3232818499620617,-1.8234000605730558,2.2213555816894286,-1.5953245414355781,1.278687707605658,0.4317035652378986,0.6408164117811017,-3.7225970126045747,-0.5477184318127906,-0.20854282047886644,1.0115104914323518,-0.1558405591858263,-1.508452321977557,0.45923344431049884,-2.2476076293795217,0.03968538174774926,2.981793493755024,-1.6844615666531795,-0.68101765485266,0.8272151227246681,-0.3992979388603808,1.2138278706944572,0
1.2622862118551725,-0.7306436648021343,-0.2834840854582331,-0.35380666651458875,1.1026967262900866,-1.4601250751388217,-0.35329513508022375,1.7643613162299692,0.6155223625675419,-0.37743215506224964,-3.2285570314335894,-0.2524278512258994,0.9325425553198583,-2.7326620484051936,0.18531814223287382,-2.6928916012570108,-1.2767016167668164,-1.2260473960896476,-1.7478511250177884,1.2317484906985203,-1.2003587463033485,-0.41148304524296236,0.10001873751356005,1.7179930556752252,1.3569096281854005,-1.709280333658621,1.3384103162161816,2.492702056647204,-0.21547918302051558,0.026845139964517317,0.860705172594434,-0.15756655755032156,-1.2923754541051926,-0.45729865670916436,-2.76371382510995,-0.2866180384982139,3.8672916250181757,1.4954782726603992,1.3422529674862385,1.0695069263698749,-0.1332247525482743,1.4348563796268679,-1.628524966635811,1.6190540309298447,0.019354940924970265,2.76546035005828,3.953662868216232,0.2763737230933523,1.032829953944756,0.6948207041235319,0.5893280470744221,-0.3655826245023269,-1.1935507321411152,-1.1858624587153284,1.4235782029990198,-0.21841193597251027,0.24070156169627935,0.5174406577262857,-0.12142420238203333,0.21096628758662087,1
-0.9990593657002845,-1.2816234498490506,0.42181571076258223,-0.031839456636738726,-0.459603688838314,-0.19192807040910095,0.4258244691791599,-0.8180553205815546,-1.3456319667480012,-1.0574929546971739,3.178793205399159,1.6851335009525699,0.02114939557566584,-3.0053042247030217,-0.6338546382772227,13.578663308684538,7.524072420861943,-0.7431521541448055,-2.2721943977808707,-0.18867231491411646,-0.13838257861080067,-0.08072888289215824,0.14120181248902403,-1.0036927631192636,-0.32356230923467477,1.462799897493798,1.2002739770213877,-5.224074963203868,-1.10508976235815,4.036630808046379,0.1888406078260851,1.0485102400358464,-0.19434867154767999,-5.460773608317909,3.0755855315229494,-1.3464361223605918,-0.08376138867561911,1.1365654718095113,2.8735604984794785,2.6034263324464284,-1.3187776664973003,1.351813324120028,-0.399443281870726,-0.7986507259529114,-0.5243965305350834,-3.677325975604644,-2.056334686520271,-0.2271377802443857,-0.9215700652129813,5.768447346466501,-0.15298736953336672,1.0826674514253745,-3.077925251460495,-3.408966737450634,-1.5468196653226733,1.8983403760461453,1.1133323363471697,0.1451563668960057,0.3822266572263734,-2.5210866501296927,0
3.2583913096147277,0.2033953100502551,-1.1129773111381638,-0.5210019390072009,0.5882064070400744,-0.39834300450052773,1.4909368272017296,0.5212145783593538,-0.693880653722112,0.4291169291610002,2.5238816371985697,0.5218451096121169,1.3624019354384092,-4.023651223377801,0.4771243476860553,4.333221317595779,4.466511311202573,0.2050683760048956,-3.971292403276704,-1.2395550988122745,1.8853823160146332,0.7258782205537132,0.09183575826834649,0.525612854448437,0.6117575759613151,1.9744515305619335,1.6380469445366,-2.9181953650232666,-0.23648764890427343,1.1471253578675977,-0.06786623107310033,0.2555177566413748,2.004228774270408,-6.877318091151653,-0.7156537013032378,0.7387965172002353,-1.080091849546083,0.24569560297398563,1.6791233320796528,0.21831125297458953,-1.3633562578802498,0.29104403286164604,0.7421949800691044,0.005716086092890965,1.0430613772948123,0.4772608261648895,1.0813345622864885,1.3786714173035888,0.3099686609847051,1.1790185639216548,0.004340865049522787,0.8113881199171586,-1.9982824365216936,1.1866474755614906,-0.9280129676882737,-0.17662175396040314,-0.2876047341808028,0.8963900873486018,1.2993340031011873,1.1555295892823547,0
6.5693366147054695,0.010947816347044441,0.27161891947662087,1.1787963277855196,-1.2846937010758543,-0.17859680322271204,-0.48427296219682175,0.3145789837867244,-2.9920316282211465,0.2700586209629788,-1.575966079093888,0.19567230763530544,-0.0841312405247025,-0.9394612774145943,2.1000481585731867,-1.23422003076282,-6.494740138429805,-1.10449536010853,-1.5367664263533276,-0.3827309299284444,2.54346265965724,0.6894336200219225,0.49422608229733295,-0.9754600276760129,-0.785203293453582,-3.1660141558358106,0.157817638643912,-3.301969789824512,-0.5915472076721456,-0.7800256769225269,0.8823003795456941,1.3027999305197584,-0.042958113337956835,0.4246383823934855,0.43319033785633854,-1.2056672543521232,-0.04106165441216092,5.257673921885446,0.5423620846658992,3.1217638388757356,-0.8863194903703285,1.5017040190439614,0.6713973713412849,-0.5143100941300021,-1.2942673215746063,1.2315825778516143,8.291919911993075,-0.47799653208665854,0.3191667764782755,-2.89921524563191,2.5975171258444507,0.13062740877500842,-2.431676440108922,-0.6593798316399324,-1.0062258478164758,0.8426577102610722,0.9108638142692032,0.02952824100777652,-1.0513061522208722,-0.8184323199039338,0
-1.775686882602695,0.23619046150549727,-0.40504585720127645,1.278029191982128,-0.02317770478486086,-0.7119361699347364,-0.40464948287015884,-0.7929604450864275,1.5273992712109554,-0.37765515009476963,-0.009806911316114553,-0.7333711544214297,-0.0697137372778005,-0.4667527810934129,-1.424108171008566,2.252114230468965,3.3289193645232222,0.28823675776392393,2.494213615678645,0.09646564280937353,-0.8634446062125783,0.40046846669703035,0.7752419918640591,0.9990850599828964,-0.8721440468998594,0.876826210001971,1.1286033921221759,1.856308491946856,-0.30009669608541784,-0.3822664548412593,0.14656182558653955,-1.5092394040636194,-1.7823694336427056,-1.2633783567119392,1.0437189455424534,-1.0511490372532666,1.48599703459388,-0.07580328668793923,-1.6886771012051913,0.9139931203683473,-0.6795412504083771,1.455421388065267,1.294704909612194,0.9330835770651809,1.3601670777939958,0.23883173821422066,0.2103672212978388,0.3009777132316948,1.5384007412232437,1.4391141190357122,0.7902302756791277,0.8398180469600435,-2.6498537187540343,-0.31011583077922555,0.1993798628190012,1.4463567091461433,-0.16748835154045838,0.3242765424788702,-0.7090026494257922,-0.07061581032150922,1
11.13387864408145,1.5221467585480473,-0.6857684078453173,1.5013901071595404,1.731924682322397,0.3023586930169115,-0.10945459883731741,-0.7867551271022283,1.3218354163129646,0.26902226926169737,0.4384289890792388,0.1942614096792605,-0.8712110023484563,-0.7897405426703119,0.10533904482939617,1.8413786758350392,-7.039249263214118,-0.37792336028513973,5.691007732148013,0.3776314694329093,0.5717670545711673,-0.7184313326196915,-0.4340118125670084,1.3417494837515977,0.5527577449847006,8.391824382079111,-0.3289683339974436,3.0492101355512835,0.3761775512837346,1.8776817161846688,-2.1170080522063484,-0.7194160407800809,0.6527500822879425,-6.271471548221846,-0.5713697592877345,-0.7486447025153175,-3.094508475534478,2.3601593468757045,-6.854546065086222,3.489039417094006,-1.671856613136305,0.8250185797217593,-0.037500823074493095,-0.5424755499398202,-0.39310375033787887,1.1601960867278664,0.16978031322682924,-1.6734523411177162,-0.8892436888941013,-2.1974992319512143,1.4683241333559591,-0.06204618858181776,-1.2550246280949926,0.6691239910292981,-0.7772364344717115,0.19042535506528505,0.8133160726017432,0.02068850786661747,0.5313939848140765,-1.1134580082152612,0
10.115428215135633,-1.5626569501149992,0.6577170259739498,-0.2275413224974877,-0.19553451362456556,-1.7621656504328693,0.13895858928171978,1.371159553538192,0.4921887110647767,-0.46789383617322516,4.650562103002093,1.277921289902985,-0.0939186386509157,-2.407282902186153,0.275812468097975,1.8805039352464663,0.6859841266035129,-0.3954465387902735,2.1623578576344715,1.985637686225776,-2.5452495496365364,-1.6474126605060257,-0.883853993049003,-1.5178734535870388,1.1914349777194386,5.906584712997659,0.18954785608087055,1.7035336735577524,-0.018634838673107914,1.2365350168041789,0.5089094376306915,0.01945791210029172,1.2692329069202273,-10.389851426749685,2.250775104308949,-0.4126795209485751,-4.606347282898385,-0.683385543030637,-3.4887658092513125,-1.6653268310391471,-0.43320340718964445,-0.11554146896516052,0.987909997731705,1.1476514174896568,-1.451640843729505,1.8666002751682371,-4.538566970958964,-0.8429381928657882,0.14696627621295233,-1.7329909674259367,-1.2086055636248059,0.5007712941202096,0.15091695986196507,1.6480027900566996,0.3249845745767454,-0.19204580062308865,-0.9563491359304823,-0.36391333207900156,-0.5081930165488635,0.3317848012022826,0
4.445797143166545,-0.5014150469084983,-1.732859642940349,-0.7945713783728494,-1.1450870247085363,-0.8548083726040118,-0.43765194205337205,1.9365863268465342,0.8344467247647641,0.4243702588419519,1.8641353612768752,-1.5223071824636853,1.5151218207653985,-3.076819492774548,-1.1587701931983774,4.048579333678045,3.304270493131674,0.37795564286277505,3.1967798782018453,-0.9351962071366474,-0.17294667484532814,1.7273256960149022,-0.7007111641875738,-0.2300845113527955,-0.3497733047165035,3.533988490384296,-0.9766918380388624,3.030682372771664,-1.8897263520596241,1.08285958846019,0.8585905459322004,-1.1869864125878562,0.7141345994216136,-6.723682597650479,-0.0587669209521438,-0.36748782856076395,-0.16577488769606052,0.32165306300420626,-1.1653653460663758,0.3559045573137345,-0.3352294500315311,-1.875475762797645,0.47640935834203196,0.2103571393713612,-0.8502263026692443,-0.4054632229471997,-4.264197407116002,-2.3951362189992564,0.4641127909220957,2.050254952714898,-0.2918796058170195,0.13526840910267549,-1.1353383577353544,2.113683868623553,0.11455118823017668,0.2216413718030646,-1.5878908646931484,1.3191045374986325,-2.0574025795587003,-0.28639848150095626,1
6.8754740618818255,1.2962557092217295,1.345529853551899,0.8500861214923535,-1.5058764873423012,-1.4255153713021405,-0.2102851851273841,-0.6842000995617376,-2.580070901730334,1.9196196287975227,1.6761258980106133,0.6263969330962396,-1.4444499755786808,-1.7772545433267029,0.6616624653847273,0.46886993808088295,0.22671738420495435,-1.2247219839556684,4.548053729995369,0.19792754909896695,-0.5236676000595035,-0.9902629702618188,0.6353813812188407,-0.6996257987156558,0.47979471428799825,1.7370976223758974,0.8946086988632601,1.179416297397096,-0.474885875883006,-1.2719319946158238,1.1888671779370352,0.5882204499006984,-1.0436593500270501,-8.446756903545513,-1.1985260738412136,-2.3651224531382886,-3.449097085615545,1.3210635504252966,0.5104084116033402,-3.429795542277005,-1.2052992147801944,2.009491591645575,0.8972879431717461,0.2945159895680461,-0.18934625817325595,-0.17848947401005733,-1.5061385267408052,-0.7466375660204068,-0.26448113422229463,-2.6020492369253687,-0.0016286124580567824,0.19043390801078877,-0.4799272050217882,-0.4440436754637384,-1.5204196548582072,0.1437486008992903,-1.1163696751059817,-0.3605427920675063,-1.2158783756005538,0.43749201587109754,1
4.327821251221092,-0.5116510232840712,-0.5505242111902932,-0.7661030618529515,0.1320007655425615,0.07921682442001851,0.7041826453334828,-0.35589974061435725,-0.636876514801177,,0.21708560512553476,-0.38418320295177927,1.1720107413805076,-1.7409519901705734,0.3899343863125882,1.347781561524829,-1.1133210766955033,0.5595792977942611,0.8635877955622385,-1.0595063959501991,0.6521535261796981,1.0151438399404868,0.04716707326337889,-1.2890500046726057,1.5988488259017537,-0.9411337428402413,0.20295393428196556,1.5891724685156763,-1.3023663190646029,0.8636716773148836,-0.05209446412348703,-0.5702944452615362,0.30888848288924303,-4.084383110437564,-2.0083240047858415,-1.486132673356657,0.792200516153447,2.1095100752781812,0.6966509608302891,-0.5317354582128877,-1.936743490127042,0.8632126225052527,0.7965837898100904,0.5690260055274303,0.732244186889558,0.773162798679397,-0.3231849795291135,0.6035352591904276,0.5544267265077274,0.40569818828297965,-0.07973342752853681,-1.2533061231994815,0.251197191082428,1.169645022120437,0.3226323183103053,0.14192101285235245,-1.1368887631303972,0.2860415925136875,-0.8885177146256963,0.12742857271426894,1
-1.05936166773896,-0.17692787422466286,-1.9458255338461656,-1.0632384686120746,1.9391020538944455,0.8442086488348026,-0.004940538026746584,-0.5298547105937411,-0.828532201427673,-1.4850870538243757,1.191602215501117,1.680762002593833,-0.2695294206451639,1.1878221282155632,-0.39675343038240773,0.5554940704763444,1.7023722040452633,-0.4623290170784439,-7.177007606419234,0.5622183853972849,-1.8588891384747195,0.8387976210010942,-0.22461223246949963,-1.7300748782277373,0.053792877847398564,-2.8880933097094106,-0.8400473941820935,2.375401780558943,-0.9050883588310991,-1.0783179155047862,-0.35455349936266073,-1.9711795743581906,-1.1354578909867286,-1.9945133375052948,-1.709345718841893,-2.678780133999607,1.7242985915652467,-2.8695950260480183,0.7946519325241655,-2.1942506806061077,0.6531246150480303,-0.34191370553832906,-1.4522065849205978,0.6280679969319691,-0.6427741480269156,4.199495853793421,3.2939088094338844,1.0255405773436301,1.685491771709404,-0.29830482793949187,-0.06460914507995491,-1.1932113549314998,0.7073230409364614,-0.6550547102736625,-0.8677327321204076,-0.8419302438746542,2.1388978571633963,-1.5975075747528045,3.4009873943374953,-0.002824003089298884,2
-0.021762735177118703,-0.2301355347095532,-0.363254404510229,1.2031640821120702,0.13407453490305718,0.3186821532294625,-1.5047848921054179,0.33041132236277787,1.9592353330663217,-0.6418576190698462,-0.8570932104014632,0.3185560484655797,1.0954385785164014,-0.22842088746319444,-0.4698513494328008,-3.741521328333941,-1.0690273928673244,3.1457615867245208,4.636792475512998,0.13190352873053404,1.562668089747759,-0.46652749473636135,-1.01904627112609,-0.8344409344944073,-0.4222145849155921,1.0433910527629187,-0.2691498357394598,-0.5080062789007074,-0.9794591222043962,-0.3783251304957369,1.6266363837334599,1.2183791457848407,0.45945471896868956,1.9280611267453303,-1.4768006468159711,1.5442250926786925,0.5640581488062657,1.8526298587304488,-1.3216618552471697,0.24592951869495905,-0.6694902453601599,-0.03357826572368441,1.0444980327018931,0.3265080976629747,-0.7308239509805161,-1.2309336790884586,0.3699022690371502,0.7089483327900522,0.3109712139127145,-2.257218622929934,1.2331731948650295,-0.2986780630449248,-0.6129216942673736,0.5510638295682203,-0.9666191405620679,-0.8855295766454337,-0.032231688761337696,-0.3802111554552536,-1.020929970265256,0.1944172211444765,1
8.105300880254466,0.5756170642012262,0.5486998998606691,-0.8773757845800412,0.5171354566044623,0.04699217031299818,-0.4571741471430292,1.5021708275409826,-0.6026332833883956,0.22856360669987755,3.1901677563754287,-0.8309648763890146,-0.9276104518562901,-0.700763109874353,-0.42249514350045675,13.467267675339821,-1.3504043090834996,1.572469491542905,10.04598104951451,-0.6147810737085848,-0.836341302998555,0.34564013990411424,-1.0551934733961519,0.01970276347787093,0.8916634697708784,-2.0992688941629627,-0.9551795982995399,4.237918177269753,0.387542856478548,8.739772822593974,-0.7476020941242406,-0.6146097112651743,-1.3080592721265918,-8.931639692643945,-0.026122672127904794,-1.4981433951345067,7.291214968787275,8.098442207884268,3.720834168841928,-2.1938870956024603,0.41282207902281864,0.062316612674639116,-0.8479267034837824,-1.1702694011216996,1.1662531130994866,-6.176924451332068,-8.661293345725415,0.05263122789364539,0.9752124191044055,1.0318940197518234,-0.0018460883641200111,-0.00044939868226160235,3.817686872382752,-0.09497371410501602,0.31885558460594066,-0.3246328543608767,0.6917186899082688,0.30903992767389743,-1.4091882107903222,1.0500580311206225,1
-4.89469609367214,1.3234884896913282,2.060581152575459,0.7815655538821751,0.09235683676401318,-1.6553863876201644,-0.6455805425068946,-0.6675150253451224,-0.5361126160361157,-0.8797974329078807,5.0296089399196235,1.1099772721976666,0.29020122458503783,3.6183788802068246,0.7919789400131583,9.418822056759574,8.074083344541066,-1.0966375080216397,-4.639502963347894,-1.4594222584831473,-0.40208972546721494,-0.396318297195391,-0.16180980384996124,-0.6266443213274101,-0.2174163855152364,-5.104028068247083,1.0309566491463393,-4.840277904225251,1.374307068970737,2.183960130945125,-0.6002865759627902,1.8673899017525326,0.09945189691266046,0.23164308454282057,0.99945785509538,1.7939493313868278,1.8670846226612032,-1.720462832905215,-0.580399658393171,0.27098036528760505,-0.19429105061553062,-2.01262191651977,-0.46353163084920995,-0.08216088585665025,0.6110845634455472,2.2058074905738936,3.36884966081996,-0.35817840413774565,-0.27136719546274957,0.09772823770783301,1.0089791991299037,-0.8990390621219452,-5.000753282664338,0.754540780014903,-1.1050673158599744,0.10395967896354393,-0.07851530083500619,0.012311157351358851,0.9998163817438137,-0.8816894756118676,0
7.325979940539384,-0.7954472358669886,-0.1326942215270716,1.2281375992865382,0.9649795504861378,0.880466361044901,1.6092825244883207,1.5479870536747384,-2.1237825757610933,-1.2791614153543305,-0.6090109764707936,-0.46479420391828385,1.1411711838537955,-2.8414084953219048,-0.49609262365990814,-0.07585774409212323,-2.6813289084997405,1.7337626915215416,1.6395016727777547,-0.6058684461632928,-1.209287841790728,1.1184299329314042,-2.5375978756813287,0.17717323222010523,-0.7040876355923733,4.8238439518252605,-0.6257906937796218,0.6369577635915173,-2.0718795244032027,0.8701173876632355,0.8625099571202616,-0.49325291652395237,0.2402024285639563,-6.524417672653486,-0.8837104358968152,0.060144677283016076,-3.5872602387219024,0.3550010798255586,0.7613057724649187,-0.7299612007253089,-0.21444378383240253,0.2026641644634616,-0.8634153048178157,0.2304966212117137,-0.9815679945563983,0.06769404125629686,-1.504914112021945,-0.09061156023126084,-0.8347751792933896,-1.0295265453461582,-1.6059572475153914,-1.3325457737792592,0.354690023875321,-0.9288460170127683,-0.9636423018263676,1.8854767212662902,1.7173311139555516,0.19296770277017825,0.2402590162160032,0.0667621253543897,0
-2.816109425234734,0.4792398390576296,0.54071139666567,0.815968893311694,-1.3186419658325006,0.4652676067721454,0.21261844251760872,-0.2294984157433143,2.524830800192672,-0.5259111206094603,1.2754997402931951,-1.5603443984306897,1.3414328180131379,-0.687124042050868,1.019868928501731,-2.1047722844958514,1.834403832140759,-1.7893405789915842,-8.849844679831078,-1.1695409804511758,0.9958695923806317,0.10656189139487766,1.9499023977166643,0.4315315011504474,-1.1108933928361955,-2.0921856621790096,0.7271915303498016,-2.495480901619991,-1.5373188497970214,-1.7858702447572061,-1.1766136831980702,0.9925453047807625,1.9525319025954522,6.499249283222176,-0.6396209389387216,0.4805126237653721,1.3186905163285974,-1.3413934976173763,-2.1627023761916684,5.002701516452082,-0.3236694413348375,-0.6190590699992168,1.2744631298119515,-1.3947243449424973,0.4210935714491499,2.14031202072979,3.4783628850449295,1.4428550698112839,-0.12309287161413895,2.430883402214139,-0.24982231511278963,0.2819980448959579,-1.0889321667418075,0.49871090984980954,2.368481709325381,-0.4048455340297085,0.5233549318416266,-0.4419036631654097,-1.0138886127295765,-0.5022707195718641,1
6.656557909708218,0.08988011125097287,0.8078709144721968,-0.33038379620993097,-1.6982696724070359,-0.802184669802885,-0.6386476392429525,0.7461736380790437,0.38749597381183976,-0.501084120722546,-2.809524849354466,1.6135814645997961,2.756639477005839,0.9654890260820175,0.44069880152824575,-3.775477278667668,-7.715469826819087,-0.3288413083765391,8.585593583165704,0.47940691759648335,-0.5959406973175736,-0.6024191006608333,0.3734973617270054,0.11489070783535889,0.8369758726932388,7.098033614398192,-0.35397849332107656,4.1307438897771975,-0.6240274983156228,1.2588196099312752,-0.4838277443560723,0.481046000106614,0.4508253145740378,-0.890356087671678,-0.11016792583177916,1.8290608123260512,-5.360188233146821,-1.1541242247982404,-5.441968055546339,1.1257038893290507,-0.12529251563845517,-0.11264631688768885,0.2756939972529835,-0.6252497601148851,0.709773426445123,1.4053863147268293,-5.189997325766112,-1.059924905792861,0.5675399941917048,-1.3353958157431047,-0.9319616221975062,-0.15475007872875218,0.3543232757499222,0.11677309999459812,-0.07258521040228567,2.7084615847197924,-0.2712755998478369,-0.9562457828666749,-2.8442855061186156,0.24439024584211475,0
-3.4017713639601364,0.9293690354993017,,0.0813095723570512,-0.16723789228541117,0.41938904152899975,-1.1128463700538684,0.986300368661679,-0.8572371230147251,-0.3734365244008426,0.9764587416944024,-0.15809650236251147,-1.1458639570982956,2.3694166847949116,-1.254493052537247,4.447029807195164,0.9194789608019827,-0.3062700088070222,-8.72116465246619,-0.8606534781466912,1.3466704763957342,-1.1583990269012396,0.6440989799692801,-1.130125244053242,-1.0783978485370096,-5.556620230292522,0.47182437268536376,-0.06304210915303954,0.2681885639640767,-0.3052531953879285,0.4684664170111673,-1.6874188798787173,0.04780609338345727,1.8508951449551494,-0.347232024902261,1.3974228608231283,3.3769499117393704,-0.834026431315502,0.33966284812836495,1.4021361797034908,-2.537672182049131,1.182272203017573,1.8653456664612467,0.5533396533776359,-0.2943271634845077,3.184492911416512,5.926112335929517,0.5557486341102166,0.0951157729793429,1.8923808513670797,-1.059323995140724,1.2371359842340386,-0.686782135977895,-0.7385302875853874,0.3088182001675583,-0.9463289735873128,-0.3301855612315269,-0.48893049540350514,2.946835290982359,-0.952777156004467,2
-6.650600040950637,-0.14929061174322386,-0.3944004493986736,0.4880960017038377,-0.02123905757700578,0.7424581478191892,-0.8865488300896022,0.655982846379287,-0.08841723507081944,1.639930656356362,-0.7675268405654718,0.779006311699187,-0.6310109560847117,2.2827676344381267,0.41549065031404575,2.250325082831935,2.102832014491132,-1.3322410537860792,-1.8762747946516567,-0.22224107051234757,-0.09172558566377476,-0.8601676918416254,0.769022345783737,1.456978286196328,0.994088944510296,-3.256976412188066,0.016799635809938273,-2.4541335796936252,-0.2731145630380019,-1.1097611428934193,0.08109860391191025,-0.477082410583518,-0.8883426337857574,3.4038120120266986,-0.6397513818137569,1.719075775667114,1.0123469610784814,-0.2752393334813178,-0.2435285667379872,0.9238779578113105,0.2186514650023303,1.7851990785399234,0.5409838222019678,1.3019659873948983,-1.8063938739481666,0.6625174596295075,4.804463820641134,-0.30846665033061815,-0.17450269002554186,1.1799075478991896,-0.27314521941036896,0.9393064636280205,-2.7631194539471498,-0.33331469471526015,-0.30284542716021184,-1.1893860234653737,-0.611474011649167,0.10464594608087514,1.504376397546586,0.5468166708397033,2
1.9570041012571509,-0.9795348136223229,1.528422257862165,0.6137032473720535,-1.8766790668996192,-0.4296550246297866,1.4199191244466123,-0.8416606169709618,3.5385061925462424,0.9236752132995212,4.579952746557348,1.8430060573334899,0.4292616575359434,2.297249916748044,0.6050192938235087,3.33112416671691,0.8372567781405226,-0.014499164515051998,6.872427265723337,-1.1707784686666367,0.4845294828983023,-0.024178157421123062,-1.6119160173087002,0.21648563448724112,0.29794312574821985,1.2776843916649965,-0.06333140650884209,1.0386343785241374,0.5904401422834201,0.5764956217141916,-0.7990526719737465,0.2055494588525803,-0.520363509837115,-0.22853719126766714,0.2290835118097595,1.6101372041758706,-0.2341786191673132,1.9851736746945792,-6.411682421096185,1.4435746530439997,1.083835889910897,0.07691900227536191,-0.12444697960201606,-0.2516322666859565,2.9676987787667404,-1.667055181020232,-3.9205895049796893,0.08311097156466393,-0.13418400616679965,-0.7580744735022265,-1.5187242960803433,0.1537164687111521,-0.6500598094684125,-0.4905675746413383,1.0051747043683235,-1.402475301690192,0.10987052499528421,1.6714927178666592,-2.7957720931545276,-0.30560358019893236,1
-1.0849057068639112,1.757644632153533,0.6031114246684934,1.0836123303033254,0.7160543348921743,-0.8440091845121377,-0.8080716955048047,0.37528558440685733,2.752142405823439,-0.20567727294611318,1.4674168297052685,-1.5269101850889022,0.888298273857412,-1.4315028921946253,-0.21763410690955914,4.720690979696172,4.419458825346786,-0.6485857106382746,1.8603213213748049,-0.6051440086780971,-0.7276538237830009,0.476355355701615,1.8641242650921144,-1.5237428349663642,-0.6848586594900066,6.908958726109164,-0.9276241603138223,0.9293966209541175,1.5708571497571997,0.5198548529427276,1.2356672860093312,0.8597507610109077,-0.44287041446705144,-2.5218894012136595,-0.4465094228468843,-0.8331717897617453,0.7467766688912987,-0.7757439196670557,-2.6406348618121798,2.822788229652546,0.8912478043822462,0.049817090177434416,0.8872734063974586,0.07151536450130518,0.006095920045641017,-2.698383048392296,-0.9537337516164143,1.7310403814784736,0.6508715539456057,1.4275407508733575,0.6438090319533928,1.7904635141071898,-2.1119120306940973,-0.8632881209600872,-0.29980276695981856,-0.07658856031735109,1.218724154925349,0.49105733385446493,1.8884948847114411,0.690599871426835,1
-0.8339330238988029,1.0613753366291845,-0.21054849973803336,0.40235682632124237,-1.977080699684078,-1.1534700506312088,-1.2207850836743253,1.4685092757274931,0.530775715022344,-1.0893099282488663,0.685445564670843,1.0854095888705064,-1.8632199337384816,-4.275465519908533,1.402623198806571,-2.7946372719689703,4.913505908131855,-1.1707437774262215,-7.072345190468929,1.7684023353344187,0.9636118108628806,0.38180814039544986,-1.286106948013911,-0.1993053333355725,1.7107549430923548,-0.21601083234414012,1.0315437078517016,-1.261400316307308,-1.9931914128915524,-1.7257666803060392,-0.0648648503730946,-1.3001260432076007,0.038043810189799326,1.6418969632693403,-1.0442397471178835,0.8108187237344604,2.084555049437804,-1.270097272057808,3.234967676259559,1.7181379138137105,-2.805741419290195,0.6623056457282293,-1.0220977875066108,0.59002329759953,0.36861677694331074,-0.6598314948407775,0.5042503052775297,0.38865852236868087,-0.7014940410693866,1.5233320859264263,-0.7657232733027048,-0.8528193960722639,0.10460977497475032,-0.87248490939501,0.9645989185912373,-0.8998826170456962,-0.20897155124932942,0.6369342294142225,-1.1671415496521511,0.5201680989460166,1
2.998875510762061,0.5155633670732291,-0.10081676169694302,1.0673169551747628,1.7358808994901787,-0.7258224296013068,1.0883300827189049,0.4566041785528336,-1.0575795780412556,,1.737122027512768,-1.6392877376460713,-0.2662947135739428,0.2810672219883573,-0.34331816462141934,-4.026573848087216,-1.2628151672450179,0.4714294955568415,-7.5271385736065906,0.5647473551568922,0.4304622155519017,-0.30626055738600816,-3.199760562363539,-0.22299637150344134,-1.206625076897207,-2.9143516584554208,-0.021124250139108874,0.2471619943769544,0.52637313511987,-1.0514332908199244,0.5970821159349489,1.4224107092766902,0.38033759144676577,0.7429453198268653,-0.7600037772146541,-0.8878354488285195,-0.41366099638288234,-2.1798811885444724,0.6486677440078658,-1.1605190267858951,-0.17272943047780365,-0.8827301165213008,0.869081773265981,-2.11370438994065,-0.6096518257071776,3.8088325283171387,1.163881197068044,2.559562250323274,1.5116800037430296,-1.8270975191128072,-0.9187754902113034,0.27242968364358955,2.203788138657986,-0.8040215450611209,-1.2184436118880089,0.011235701240129254,0.5217302171966028,-0.8392125115243891,0.11988697828813089,-0.19705653072060167,2
1.7993699652390578,0.36800600717406606,1.0910151094082408,0.4002894967438871,0.7248149763107393,0.09016738326328343,0.17290622295445826,-1.3397552532961494,5.5165838874148685,0.22004016665403928,2.430188712895129,0.26112533650614317,0.9493506893519429,-0.7648585640445824,0.6021939790273997,-2.4784640688751156,2.5988132924101186,-0.33192519334705567,8.152948028923182,0.18085260932256295,-0.25156812800309686,-0.3875661325724314,-0.1987097136555822,-0.5385347123056182,-0.17864719767805468,7.059361682596978,-0.5926633006550066,4.063164834325429,1.7582676811706,-2.150683658510363,-0.8084661731053451,-1.2824002643804635,0.394228392518798,-2.158767216034341,-0.46666692701793866,-0.44808162373737237,-1.914222987096505,-0.7462629927233875,-7.883224723853763,1.1923489152170423,-0.9402875181706042,-0.591040671314955,-0.5829942741584911,0.8452213627713431,-0.4954788309389938,-0.46626030481850667,-4.351690681703457,-0.14466326021010456,-0.4654279932595579,-0.7617173862751392,1.11530499839226,0.4434402203646929,-1.6169061068907717,-0.5492703361202698,0.38883415779245845,-1.8659645482942695,-0.3238150801807051,0.04005718226503185,-2.5066101428745533,-0.13990266230083556,1
-1.6064126429819883,1.312299296282208,-0.15713324622188088,1.5851963453903146,-0.19459693640057193,0.0658093134165455,-1.1859887865917085,-0.22355192979667707,-1.8194330684028537,-1.1178796213925843,-0.3808597955539691,0.014143946025100568,1.1424121350646737,-2.2403469258506665,0.3299228067842722,-3.5329742243920403,3.5789989169663023,-1.4306457176376344,-3.5215343293981682,0.1727791090205051,0.6898459638191803,3.1843065686094505,1.878302393604953,-0.33115193777375945,,-4.376573314929557,0.3685833404780923,1.1363718673485135,-0.23817040661550645,-3.5656872990276884,-1.1093536531710466,-0.39092509740414133,-2.1334418595725504,-3.862446627907901,0.5765498614526635,-1.5445807167855237,0.6242396544916953,-0.6769408738092917,4.479522540895435,-5.062186830839746,-0.13262864277103922,-1.0034023133339973,0.28885414893463585,2.3347795202912285,-0.903595539019649,2.0401052843361116,2.3044522396390175,0.7502483033859031,-1.1253847387385107,-0.1707950972292045,0.18848015849250044,0.6128627402483418,0.7627431430052655,0.9532213689172762,-0.42076629941272037,2.044965878741407,-0.04618132094257985,-0.5099347554150004,0.9358198008913267,-0.08291505299671151,2
0.8193613164091847,1.4743700719960071,0.03781943583208506,-0.3611091192179459,-0.3892509235669636,1.2489730470695228,-1.4741384354318272,1.7844502096091759,0.25329435366703756,-0.9848778493060248,0.35838912609027707,0.398041559468138,-0.4896951701482387,-2.5024838916110586,1.7927839700422104,2.5628171318029653,1.13184180149661,-2.0323888127264653,1.6618905417046903,-0.24928585727600588,0.3207598581161397,0.13383858180726743,-0.5706256682812815,-0.63165840103255,-0.10578810206476519,3.879463595752426,1.2385579961556479,-2.8589627011196805,-2.1444875037611175,0.510414181499069,2.3814453876761115,0.8958362923539669,0.36241146287545145,-5.76652256028667,1.1355162909630376,-1.1924127533564834,-0.9410156265259196,2.480494380074992,1.2040072773248356,-0.955475325846997,0.46293740469440936,2.078414239014391,0.4873164832189117,0.18159876909561548,-1.4518836755017483,-2.5636843614516422,2.5084911938925254,-0.5006030046633207,-0.6373286539400408,-0.891446821569444,0.4714855520272297,0.6741389350077995,-0.8240475666323852,0.3397542054579532,-0.8398378707803901,-1.121509560300374,-0.4792859894643896,0.20359509693530592,4.170669031576594,-1.9131161643446881,2
-1.4602066200034423,0.5786784460502379,0.6828911076730088,-0.6187921028957915,-0.2923233553101648,0.4249152460469182,0.2845905096932017,-0.8323126640345019,0.758407497126264,-0.6013715645019755,-1.34007657940029,-0.5985908917957072,-0.4326959905698537,1.6613297178364639,3.198398193291884,-5.0531534284549,-3.8170933486590743,1.498185124354066,1.4480056139747588,-1.539685833504443,0.1475424064312364,-0.2866701190637394,0.5999822025755587,-0.0966513015926708,1.1443431184593167,-1.8712612440402794,-0.054604647678474505,0.22476245310975318,2.322069100684279,-1.6308519610870134,-1.0362448713048538,0.4062823858223443,0.091831819011613,3.5159421829939004,1.7846010554138692,1.124899689638518,-0.6564646231794897,0.7725721890921462,-0.9281063597019199,-1.135496369480589,-0.5929573213751277,-0.46014317069683713,-0.24866095724590512,0.7997526056678803,2.9663657951760167,0.2149807962833481,0.5467566534742168,-0.048572994972081375,0.5910576024481916,-1.2467300131161874,-0.1255734314054514,-0.9750663642052158,2.0888872291875518,-0.9246808183508971,0.8361729264676457,0.49313407065563664,-0.0871808383325317,-0.3092845695217548,-0.02719546392913208,1.8630278471837753,2
8.845517825517774,-0.1865641600149352,1.588060841510259,-2.322181343938629,-0.3924770376174168,-1.8897046427529125,0.6804110639374826,-2.1196394750468155,-2.347013931539241,-0.7829891742962404,1.1098492363977888,-0.5871635997853141,0.014447943352256147,0.539137077778596,-0.3088649604353075,-5.914755596304309,-8.832589721403052,-0.5024197801385417,-8.318626276912935,2.0974100684494847,0.6708084920959161,0.988135143242747,-0.2790723353428101,-0.19998848342256015,0.1412910274071029,-5.161541803482719,-0.08577651517231642,-2.2812183055241837,1.2565691017269818,0.509537997621663,0.31794775732338143,0.1944102082826167,-1.5885423617255503,3.006528883305555,-0.3302231266561985,-1.7132368825486595,-0.04444846842449324,2.065949381150977,1.0722589834465446,0.7879601901702914,-0.11433467903320715,-1.0960454962534516,-0.995288666754795,-0.027164867126605836,-0.3233297907956478,3.6639236206535495,4.1205755336354075,0.20193220106595625,0.6442026106961568,-4.5241391765133,1.0238746621300039,-0.007354653648815482,3.6285500107143154,1.2342088246207903,2.502962575602973,-0.2958084330939906,1.0302992136185285,-1.7396270386845216,-0.5012285213084593,-0.07775693294486666,0
-4.432820998279613,0.43312822742233875,0.6216498618680703,0.8963874081543334,1.7680700014603914,-0.6471627217415599,0.2753155567467731,-0.6701899105860056,2.6860122897201992,-0.8685914043519214,1.321510927011413,-2.31116384467523,-0.253052081331859,3.588454020358552,-0.25637060355951063,-3.7955629488871816,-1.165983708817802,0.41395018280723983,-6.593732327668094,-1.1675671171443078,0.31379809673685904,-0.8021589097145496,0.7974857695769726,0.35512772460361675,-0.017432494183066496,-3.4913426679210358,-0.7217284888684156,2.1624379905627213,0.627332644214215,-2.191421701820702,1.3539557651178817,1.1206702235903225,-1.3497229100434391,3.1666393059326445,0.8478278540677378,0.5300299258634066,1.166776704555169,-2.8838646279844284,-2.940360589286085,-1.9049804134034378,-1.0140909381777035,1.0515425111862748,1.0115453608545755,0.0342758326574917,0.22099024774905054,4.54170793814225,2.9841850512001313,0.28953683664384877,0.5339824060321556,-0.45087062404499645,0.7353837965683436,0.4384315259673665,3.0218657911669156,1.7535523272261004,-0.6413491803977092,0.876562114798443,0.8132204721677906,-0.19915316101606356,4.133976496423365,0.0942306473041842,2
-6.108819829545451,-1.4571765307159399,-0.6363366596103653,-0.9058096232571202,1.0537490054784395,0.5086697666458674,0.9899589256808854,-1.0650410039926135,1.8483494839132262,-2.1520375212207092,3.8359515788311356,0.39958107474559873,0.6019106061604044,2.130450819371644,-0.127950950071989,14.096063179384853,7.697631721181997,0.7449533884003442,5.217662703695418,0.4448337329920538,0.7827151355055033,0.6072716154076987,0.5314047812008672,-1.799431935575516,1.1534935443403689,4.283175692026359,-0.9380229069056579,-1.1755474599840638,0.6464514496462197,1.5207211390916537,0.7124770346168041,0.6301545864682502,1.3918058916191005,-5.097482834663847,-0.06196300723527569,0.12033058771163876,0.6789701040604061,0.6603465792818249,-2.8488981288127735,0.8203667637284161,,-0.2676764770387872,-0.5513803332265366,0.8625709140489516,0.5821742389905853,-4.892537225453093,-0.5284144839897941,0.476938968542047,0.5291835796169257,2.7929888188120198,1.501485815573996,0.6540238605628704,-3.5633296442302984,-0.2116995898390602,-1.8833620946311582,-2.345502523612224,1.8456455692743152,1.2717061892697048,4.277285625346361,1.5759745256079842,0
3.322336009795747,0.498467322614065,-0.6485724296954335,0.4047438037454619,1.6765979316516664,0.6499355504284685,1.087455738680692,-0.5862766765322488,-0.7008528064638184,-0.6738243809748471,-3.5107982243677736,-0.13259767347933296,0.6182042451839522,-4.217863586299136,-0.6388338697594519,-3.3329194325270186,-0.1216857109216933,0.5169958096408876,3.2323159794460996,1.1115873132202774,0.08883309890077759,0.3555415133323936,0.05446554483018867,-0.8574312117286053,-0.374224625042534,2.7535687999837264,0.4896967745931596,4.2777357335209985,2.322053393697689,-1.6080931565565955,0.06432200670802558,-0.16316213583724165,-1.8868375081077238,-5.966288600543139,0.7590255206309258,-0.8670432275213472,-0.8258115365098573,0.05244956861351002,1.1565491607622471,-1.5788579191405048,,0.6137462931064309,0.6949395864306234,-0.608458786498512,0.13886561718833837,1.7986057496074945,-0.05120730448297861,1.0646711244368772,0.1159816597822965,0.7666521472137005,1.091179313594536,-0.3067536641615389,-1.2501476161338885,0.1890516260443727,-0.5488186913802184,0.9705024945362163,-1.0114798010165704,-0.7429073327812283,-1.0221610895248876,0.09991984772490084,1
-0.9615076897063034,-0.05842854325435377,-0.5719476405848767,1.138503639593696,-1.0646326335523015,-0.47722388203336225,-0.4816950487406851,0.019081331079100712,-2.168812860087382,0.738889702442473,3.0719239551324407,-0.15444186925877187,0.701109124798477,-5.185162201527415,-0.6614276383178324,5.978191630267166,9.952716635974282,-0.6679693380711357,-4.58127163421624,-0.8967741138042163,-1.1540398793210471,-1.1392051716173321,-0.1138807667229712,0.49027606566675336,0.04347630103489869,0.25502108580727967,0.8901755427204745,-1.9633367475986758,-0.7878237477464387,-1.1113435545644692,1.351838235745386,-0.6171791460107319,0.4741829810906816,-9.13814570034671,1.543838306914531,1.9748007996533428,-0.6348038163089961,-0.8543501695862508,5.688928205400189,-3.0146612267097392,-0.2592238817854791,-0.7909140599966039,-0.10287464612607856,-0.25994450247258905,-0.6626763009915833,-1.9101471755324808,-1.2305475020126568,1.0224359319281595,-2.238288341108044,3.504903747621838,-0.45504662066741985,-1.0380535711116134,-0.7943589126411854,-0.7666717991916299,-2.18804300441,-1.6449913354915748,-0.4109152757903968,0.5452424248342077,1.4767638067696898,0.8395773748118313,0
3.8349907593412325,0.4923171256041569,-0.8261165015403475,1.2252903058497304,1.8506165845205982,0.36746466405591577,-1.3244843412026566,0.06118776478988898,3.2044810087425906,1.2040873995774943,2.2292254512310077,-0.49949433033576096,-1.8426181419156151,-1.3463573594923712,1.524593030042564,4.044725828462117,1.757042283880847,0.8651158170878398,7.089318463168587,1.2122336174264774,1.1717519364731077,0.0369277752559716,0.7261813209953358,0.48543603674048846,1.3593305349216147,6.9268038754319825,-0.806950904465536,3.1589801008052656,1.6208438434145678,1.2607383038256819,0.5965527100713772,-0.875444928663746,2.0816487885643062,-5.752239943621217,0.4529952770907027,0.6689935211041382,-1.4985328819339285,0.4636676638091841,-5.367972609101717,1.4974000407435164,-0.9143295969761894,0.17466444887536464,0.32849386239658374,0.49420293792998066,0.392603331057293,-1.1099226173876873,-4.694353213259209,-0.5573881212997598,-1.6741982816823484,1.1657468418997399,-0.4933429500742559,-1.0871194190621218,-1.5698654238408034,-0.07638101867283556,0.41319373696797196,0.637183325407212,-0.5105043218303988,-2.133719026541182,-1.1189902092206374,-1.266916737563855,1
-9.44682920929904,1.5138896877040646,0.006893151495639481,2.2563943877799755,0.7395017281203867,0.7177299646924882,1.2319841203194344,-0.27056064874302543,-0.4963705697013766,-0.4095189233776805,-2.201137568216951,0.6820280576307965,0.23168018278815267,2.0033732661752017,0.3479421169986218,3.2179707410488483,4.7070542561630315,0.21926300044799812,2.331100913702161,-0.9505339031206822,0.43732050883858337,-0.3924755199501522,-0.5950823465595872,-1.320435961655605,-0.5892461965600506,-1.3674041537478243,-0.35986541377976694,0.16022071333213606,-0.15725210258654404,-1.5803355829785546,0.4295009882938176,-0.5224007153542928,0.23093160014119993,5.321040037439208,0.6655575829394212,1.517869313002281,1.3300343354823867,-1.7724229957594637,0.868435527347076,1.5023523005020074,1.110051924183237,1.02209805474595,1.0972487866912182,0.29333120423822645,-1.2739300271305343,-2.7511871748869705,-0.6700712229022944,0.2618346121051187,-1.4614210359722641,3.7049767914948353,-1.3940308017080008,-0.9600683448170698,-2.62836364236287,-0.08839981199359072,-0.28542083627746917,0.6367327633998244,0.31152716606044134,-0.3663634620291128,-1.6567552955104117,0.8954379229934046,2
3.5387905203339414,0.6712557170413908,1.6006469568831228,-0.14392023003586704,1.3961557984866904,-0.21587813747112522,1.948479410097344,-0.3550304071434997,1.2465668302271662,1.9352605630400657,0.7118516296547888,0.7032966639474403,0.1667741051582895,-2.2989577420531995,-0.09972154783013833,-2.024479369705841,0.3043879304949453,-0.010208296610537916,-4.08542325548087,1.2034425392512902,-0.9373964495059807,-0.27386479340704334,-0.09320403540725357,-1.0486680308803842,-0.6030659077929138,0.4442235218633683,-0.7008694488826097,1.545432961771065,0.41019337004716355,-1.1527097990729964,0.8433096283061091,-0.27729788849711917,0.5456977662574383,-0.05879626451739523,0.23229998827437015,0.28174054846628865,1.403257553990013,-0.16034386809052248,-1.643441548819756,2.891405298091593,0.7578619684363763,0.5877448175521978,-0.055408511789347734,1.4967745260557963,0.14140815300503426,2.444716879902745,2.118996618074703,0.2689637469889793,-0.8497648690328464,0.21168215746611407,1.1273207357128776,1.3177643650776008,-1.07415051329446,-0.7160266242110652,-0.8278597351186339,0.38930238052263894,1.4771757333683,-0.719412212826802,-1.3839571916138012,-1.3175886203422427,1
9.585170106365402,2.257396758082088,1.2808536031029192,1.0785517463196914,0.6943331736840567,0.8729390105255233,-0.20463798167275282,-0.9430303455930448,-5.202198998413901,-0.16892227156168274,0.6380780702209226,0.9311322270877044,-0.9992117645928202,1.2457851380674108,-2.4926902213340028,-3.208879199626066,-7.069778769391659,0.41716602982283835,-11.478421593996634,-0.12528291791081395,-0.9436678149791751,2.240984052644181,0.2044566880510981,-1.338267571438593,-1.1199468618264232,-5.575507315869288,0.06716899623437692,1.6004932384547432,-2.209351485255981,3.597015820709146,1.0472128249557573,0.6624988822977107,-0.34289038161196994,2.406758536414397,0.41283044569646227,-0.11065268295254835,3.300123750824553,-1.6942581956564053,5.620213880023415,-0.8979951666708467,0.02916743964418905,0.7054000299739952,0.0027750498320230983,-0.7127537897078842,-0.6339158465566074,4.128152512282499,0.35870001654086836,-0.20594366171026532,-1.7309861131136104,-4.592374160722725,1.4074129179649244,-0.7516558901103929,5.417100606503048,-0.36713913611167776,-1.9081123916493083,0.3604556774308046,-1.998520676266542,1.4190138221575739,-0.2501419544486523,0.32208037938098155,2
4.504511873130631,0.5606803734818061,0.7689414500911304,-0.16765898262910403,-1.592945048209974,-1.0004127818061264,1.3352863306993883,0.3683854913346769,-0.479551119539681,0.9387576425024841,0.9609727599375198,-0.023393737252717515,-1.8058400355201663,-0.9880262888343265,0.08662269220512162,3.351562987596862,0.3281865940557657,1.3360264813659888,2.2297824385005462,1.417094825602515,-1.0141739438272706,-0.31802583041456883,1.3914233535362432,0.6386202199367669,1.7859000465664794,5.132996030621535,-0.9043720486029329,-1.4640642333069933,1.0237662325977808,2.3060022794970685,0.7573697585337529,-0.20819576756495706,-1.7171824858070754,-5.699239197857697,0.017930352584117588,-1.874890597287729,-3.8323914533007604,-0.7574266702918742,-2.2026877366552178,0.49376666251657064,-0.9038804126235955,-1.8370886371478625,0.5206464247290674,-0.41687721705798936,3.0948291204884497,1.3688327525423225,-0.6442279129640116,0.11458369061607426,0.17004740498712057,-0.7296942454185782,0.46296236070578256,0.6280526630828362,-2.8972279339764158,-1.5611849568842104,1.0477603642413795,0.5963674824173593,0.5766901467841238,0.03450356523165767,0.5411797551736472,-0.76173204348132,0
4.509742069699893,0.013573659384204923,-0.37092351114980154,-0.8587665088729738,1.316478810590568,1.9646544124099643,0.8977869116897852,-0.08078194172861485,1.6385257911610314,-0.4930366726270651,3.6727598002646116,0.4728831351627392,-0.717736704047605,-3.690165793066188,0.3618568656488565,5.907831587258914,3.0316570496045876,0.08813527114702263,1.393504843601067,0.09028133775267654,-0.22882730585664127,-0.45652176176810966,-1.69273284103671,-0.5886829977116296,-0.8394323980262596,6.179604245596764,-0.397761891346851,-2.4123970624020177,-0.8104977419837787,2.6058754277197336,-0.09451069607983914,-0.6418628560530267,-0.10373423620135826,-9.474799744687504,1.2431554118624077,-0.14114501348629035,-0.9171068982632335,2.4388288049262252,-0.28983641385179404,-0.4404488197062042,-0.08807214909701203,1.8478310288676252,-1.0713854638531022,1.3424938066667251,0.7534699617688799,-2.632487352957233,-0.6039608355995819,-1.227256008664707,-0.03370609466252391,-0.449864045229848,-1.7644057207650516,0.8237012973771113,-0.47784977056857825,-0.5421968218490776,0.04429966139527734,0.6782868707071752,-0.8186934242261409,0.10024196481197747,3.9147040938034343,-1.7855472988818477,0
-1.6080783608449682,-0.6366197068870718,0.11986447775507823,-0.5097083008530919,-0.06402375039945557,-0.025715040431114732,0.1877605036886939,-1.000360262297969,-1.202399829880209,-0.5699449320151665,-0.4212821893662432,-0.524082909150363,0.3692041424911018,-1.1098162719332856,1.9238404953656398,-3.3216363572150565,1.99434936419546,0.015320129061150838,-0.9407557864279122,0.033584082729235756,0.5168170347234895,-1.0397779879013678,-1.330273797293389,0.2011057599920476,-1.3176136901327618,-4.251951761038624,-1.1154761519452376,0.5723611958058437,-0.7010289973862806,-2.9544520054609666,1.1685841770407939,1.1737464193069869,1.3082981667121258,-3.4926017594183394,1.2977799736564843,-0.9868736969952184,-0.246330336168749,0.18320715891595274,2.8969970242175505,-5.090892432170111,-0.7155469371094773,-0.021184971360694572,-0.9847227774720781,1.760403013952633,-0.30980978716199703,1.998965940670621,2.03511735122486,-0.34379808625115027,-0.4426562668791222,-0.5782565752695528,0.4719530563878899,0.5107331209185941,0.6016466448335638,0.7276644939459003,-1.2610223457881222,0.3628082765526866,-1.7599778917396594,2.173940051031132,0.855794577258487,-1.1173543146093494,2
-2.2918283673028768,0.7348907289349106,0.16992956602083834,-0.9032282813075986,-0.7780354760703874,-0.5688265437953046,0.3338684994414905,0.35129527733096455,1.6032730064501606,-0.11427405493687054,-0.6450723400894579,0.8019492167923751,0.6576382785618705,-0.08630152250549283,-0.4331271020438032,-4.179136831993188,1.4592538195339853,0.0771818947221063,0.2582868939497796,-0.226225769647611,-0.220758063793652,-1.780214325166105,0.12502757869146808,-0.0009359368589859087,-1.0572401555969737,-0.7121669681160012,-0.8807624475690179,2.8116482676285495,-0.46953985837130413,-3.1884444526745153,-0.3204678988229817,0.5680320125884004,0.021971217183948896,-0.8844373484790726,-0.9410727385402571,2.4863716988788243,0.4599683275262607,-1.1213489335596831,-1.353123768781542,-2.1602232961842756,0.5835680383647953,1.197148688370635,0.6211726322786069,0.7038531639489346,-0.32843802400964067,2.426807955200778,2.049436775193605,-0.9546057680315209,1.2721275149084712,-0.6512278023273745,1.0968755857644712,1.2622764446092574,-0.35054746740296805,-0.514901661670959,-0.5152457217072197,-0.9351777631150214,0.1371090596042864,2.096729683183703,0.9475797621553342,1.9290206903969034,2
3.7547835369601827,1.3194789706264387,0.6132540489853971,0.2557079322773186,0.6563916905621474,-0.9646002101572178,-2.197469608996718,0.2804644869391698,1.3178301668890817,-0.5459891430670105,3.445120794804482,1.6425424510016178,-1.5452451085095624,-4.333042349014745,-0.5279029470391451,3.055653867908683,7.416708443772778,0.6523560251466851,5.076173413904857,-1.2527338487703794,0.08834035169956315,0.17919638768811164,1.605550494237272,-0.659079631712269,-0.03921056898860594,9.705466141772021,0.08930462581337674,2.9946999460313215,-1.2337520608952637,-1.4652291122131107,-0.45543824967273705,0.5917216013664158,-1.8181435515292108,-10.528071429347284,-0.8470711062287228,1.1957681518593972,-1.6840079855618817,-1.102315387332086,-0.8414412275155232,-1.727819770741824,1.5884898486119396,0.7339849865662728,-1.2172018271822573,0.021725581754204828,-0.37878780123391786,-3.752512866054001,-4.247244419872773,0.14732250095658053,-0.3656110090212175,-0.9941769084860781,1.161714602029519,0.5558459327454801,-1.1979660562448615,-0.652614057384967,0.10770545130312399,-1.1894590734994237,-2.133423503218772,1.416828902814273,1.268413117681404,0.8408842797305155,1
3.1451189461427216,-0.8467077790076957,0.492032236277074,0.4692749039413039,1.090844329919439,-0.9890428608065689,0.6576055686378444,1.3488985256656745,1.3864275696482071,0.09469501771481109,5.042320719110372,-1.4725355168600323,-0.04899570116569078,-1.4459702810546333,-0.9261458032935629,5.974920518706159,5.648979648422923,1.252808352119566,3.979627387042519,0.32492174102803123,0.08674303781820626,1.1746457300085489,0.2752044947303839,1.1886739821553451,-0.7198910287227387,3.5301000846957105,-0.10220677095141711,0.8098160063799731,0.4833992794579558,1.3128980801688162,-0.3418910729154731,-1.4934772775051497,1.4940711440034178,-6.40117869644029,-1.4319867610802715,-0.41073845257814434,1.5418173259854413,1.4564337948785642,-0.5547776916375339,-0.8857501911256926,-1.8158249997010236,0.17384780235861863,-0.8204029906893512,-0.6531897016365731,0.2324256995973693,-3.749130078547692,-3.6203893775557576,0.13401316041409767,-1.219101207511043,-1.3027859938356738,0.7262547498424611,-0.9498990691795707,-0.4570025779768421,-1.1800195542131804,-0.9748571355216454,0.0776847095622954,1.0740233725142847,-1.2349418932803498,0.18848205602837131,-0.45750455777859156,1
12.670670098182082,-0.14159304810369086,0.31437353419913744,1.396341493160928,0.7821112766509443,-0.5570010948439893,1.0030389787624625,0.1265144545696673,-3.4999919752398814,-0.39518983303106436,0.6023827409373368,1.3658653351859897,0.6442915262612541,1.0238442933975223,-1.7097370740989313,-3.1265451030857507,-8.610401221670973,1.896037495153939,-4.786486836892342,0.9700370736637999,-1.161811076361437,-0.02089627660473875,-0.5460979756170437,-0.33950364146988704,1.4051700555953608,-0.03878168661814084,-0.24134277240300922,1.1634048664304806,-0.4004794928068376,0.8074320065493994,-1.234889044125783,1.6307349546363734,0.7192509830553334,-0.7281389276938398,0.7377128800537445,-0.12415920746681924,-3.141246234842079,-0.8011042237084911,-2.7146545641763242,2.4384236277075484,2.5323876002383434,-0.8909225920448536,0.7969054413769378,-1.073917208645777,2.0528416130798712,6.1129662623113505,2.662967729702373,-1.7534913574193798,0.6566942596644293,-4.390653080608013,0.26183898640638015,-0.0575539204059049,-0.1502369225599408,-0.250210272764142,-1.7295023996326477,-0.3139950963079523,1.0305877409842874,0.12599894749496204,-2.308279324530792,-0.2756387660551266,0
3.4755756110522866,0.13818604776861484,-1.1858557748623328,0.4097975130732815,0.12718893875712056,1.9312530946518993,-0.8212186242087107,-0.4269271760328953,-5.511540023081099,0.5535682717636239,-4.658202062397884,0.21203651188292444,-0.07130386766620643,-2.1104054487749337,0.19069528772043906,-1.439498206755158,-1.9814250080745708,0.02001796829923024,-1.542635471848768,0.4507570117123593,-0.26278296195061757,-0.8926474234322223,-0.6556875257662731,0.03618394395660312,0.5651243673526035,2.7802435061461837,-0.31072684994446903,1.403822976393304,-0.9725814689656829,-1.7088971598969436,-0.12368731340102396,0.35074769704765607,1.245649564236973,-4.240551821226521,0.8221220058189397,2.0001921835221745,-3.401032820841716,-2.3003381545885246,3.2178541804406935,-0.48520693272532145,-1.0489537353559772,1.8573162007451602,1.6320424999622984,-1.1160327630094797,-0.022688874789793468,2.4652109904961135,3.599275420770714,-1.4666864125858925,-0.40142554757210847,-0.5849054641871152,-1.2446284671582257,0.9303688911586006,-2.619646721802704,-1.0465037291271424,0.22117597872945746,-0.10506072648024585,0.6228788238420383,-1.7093993241953382,0.578868272097137,2.6570038209756204,0
-1.10703537183272,-0.1480586122388219,0.7037035509081409,-0.5772323067667123,-0.08846428163418486,2.355860200648084,0.7949191942627345,0.35936016302176904,-3.89178041191813,-1.0973414238238188,-1.2907846021535212,-0.0981005669303988,0.8268435274928452,-1.7460810523941674,-0.030740673360779326,-1.2126794862073615,3.179605759288246,-0.3296727956390392,-4.038094383382394,0.6060501672657236,-0.5182265041071631,-1.0091158844156272,0.8719070099617129,1.2481628112683925,1.8618745314284075,-3.5865568445665623,1.4040871437153037,1.2744049156434352,-0.9326932535308706,-2.6108134737589213,1.2251002924679368,0.6020545576345785,-2.332545341252876,-6.451383590332422,0.7241682883590267,-1.1595211460146644,1.2779689896655768,-0.8687044549421341,6.5016333115025455,-6.2439938785013,-0.03407295846927796,1.124506338167284,-0.5729961912670486,-1.3379991575804273,-1.346675722736674,2.06842864159537,4.787406724482084,-0.1619140539050506,-0.4601859918245755,-1.7204462101329927,0.4799958521390216,-1.8618161714634955,0.16599844984847023,-0.3041961803811955,1.1428275784164617,1.5725469048610545,-0.018197047531609462,-0.3036616695215759,3.926189643984799,1.050964055166366,2
5.096026476257375,-0.18163646429707533,-1.24104212120364,-0.41238439480033257,-0.9665234009270639,0.8811624684366963,-0.2998134569686626,-1.042539447482884,0.5933312711416048,2.0632470043519078,1.9583141852069628,-1.5097742931542115,1.305626761568009,1.5230007067177462,-0.7802129223664018,2.8836217726282416,-3.8153310616676133,-0.35455702869701056,6.364021179838907,0.2990550748210432,-0.04711011563103306,1.1161880644338484,-0.6120562264634115,-0.5680928895767411,-1.0498255335181308,5.490152962508396,-0.18207224055525215,-0.9180040288353906,-0.000556295754835241,1.278738940365691,2.0229232888860684,-0.2892276781537132,-0.23643218007958092,-4.139424005781425,-0.28100531403006856,2.6314404054265177,-4.056535806174793,2.007493944561747,-4.6770176846524105,0.42525171495072833,-0.002479831123160667,0.41697207405045755,1.1688435574027187,-0.19806649752477593,0.7711177514620537,-1.5291129732448248,-0.8178339394054348,0.2682749397895262,0.9957084205227055,-2.7355084079405954,-1.4688675648659923,2.766139919811899,-0.4222888920228096,-0.9030632390960045,0.4800502680050018,-0.23827103780625178,0.6046840969496019,0.7565180985410257,1.509395672566956,1.4586394485031053,0
2.6238879999552887,-1.2064032507180458,-0.17362194528464336,-0.8555192045763543,-0.9763796485200793,1.026142044401966,0.13865262547285237,0.7215808951176532,-2.1826275118860874,0.5775801803319217,-3.084124968983703,-2.1017043281098022,0.014819231562963215,-1.8731473491529824,-0.07239762402761732,-0.12850514558337142,-1.936485304953182,-0.5720024382631347,0.776921530120783,1.302985498716921,1.0101624535271547,-0.08618733581810893,-1.3797824115994501,-0.906412762189642,1.3857894223598075,5.999274013427168,0.18791471119191736,0.4386554808863108,-0.2626113569849563,1.5168578709409108,-1.2064130339590495,-0.8525422430590254,0.3272892692834113,-3.5857251487679833,0.1708280794236369,1.9906760171899993,-3.4067900240285582,-2.1900655612353823,1.5357530399417758,-0.21463235718575735,0.9150499826693897,1.071023946360768,1.0619247854880811,0.44078493234217647,-0.7297752831743629,0.1837940239696867,-1.3188729744807204,1.4491566033964518,-1.0061669124151313,0.24360884726326004,0.07288153297087471,-0.9195224661394502,-0.3337900987777256,-0.28727249211546224,-1.210682985806877,0.04762101996249564,0.9559374757643647,0.08777943480896865,1.5812661961911463,0.23527998990782686,0
10.776226444155233,0.5342469328750559,-0.13266241627731973,0.3569598962178099,0.31034627484457733,-0.05614513198520448,0.6470983933058072,-0.9621989493216646,-0.5569574324765065,-1.1441491444170604,0.5482775038337286,-0.10088537554607048,-1.2876321964455335,-3.2861199896898596,0.29289256915471507,-4.428241010966636,-7.333024438937611,1.2099492585587117,-1.1776209289155766,-0.6377949051165285,-1.7024818017065875,0.26308080171222237,1.2750930218816978,-0.9183884887206587,0.4947251804539964,1.6166361960174545,0.04440721278635651,0.18869128880727226,-1.0585256864571149,0.8346687980469172,-0.6077401401660559,-0.6790431825585895,0.6098515437996151,-2.878051419408291,0.06385316502822268,1.1022893749291518,-0.6218656889292686,3.890454777668612,0.9861803440918474,0.38772415055066467,0.7887849831273013,-0.5499502194404766,0.02696115618635197,-1.1383813885557479,0.27385728039912516,-0.6676834140625758,-0.38209785581712374,-0.5542295431476606,0.3813612813584527,-2.9835762976711537,-1.532506273930319,0.12223975184849553,4.235512947021247,0.32533929597499167,0.018486070656429827,0.37983820239517424,-0.2038231251205735,0.7908701122038941,-0.2687447753344663,0.28317100533636375,0
-8.076338967523359,1.4024035423655987,-1.5001198301911385,-0.973618410764647,-0.4197532816013393,-0.05258168216537979,-0.001508385268992061,-0.658045654497332,0.2714277446298159,-1.0242926855076562,-3.0477093299188995,0.11091740799409404,-0.5805492717788093,2.8795077428659237,-0.5497557299167256,-5.126361939930886,0.0970707122008045,0.46855979908194206,1.4544891410583323,1.1807954288096731,-1.0251595651505625,0.4319550304896558,-2.2578367885420474,-1.4130539527866237,-0.33685817420455166,-1.429737925620206,1.0429391794869778,-1.0721585572362153,0.6598539770202814,-2.305493512374163,-0.7116665396094094,-0.1796357014884086,-1.8884294694310346,9.5721707911861,0.3371454144725298,-0.5389752085167775,0.41374027827987647,-1.966249831258998,0.597392491909665,0.4843699837432287,1.7204965238902798,0.7090397677030819,-0.1499397797674638,-0.5107471349188653,-0.16614063993086678,-1.9897369133486786,0.2257749790403608,0.5827655308685414,-0.25254412221508465,-0.5560393391443333,-0.08267667685987527,0.09149951045738955,-0.013614437267099655,-0.47787530542682366,-1.0899560261374062,-0.9413031669726543,2.3128630356740842,-0.09743587600122332,-1.2070217074309002,-0.8713190961704861,2
0.7429800277433068,-0.12498020955307776,-2.7324743415480826,1.6899119949319958,-0.16226653908719363,-0.9703109030625618,-0.22449913987633913,-0.11701425534857327,-0.1930242062416847,-0.628295087618026,0.013732180999621812,0.08171192626021934,-1.1609767256481471,0.6743203975325398,-0.21648684871697368,4.506714534291466,0.36713983148131907,-1.279469437429289,4.249412946573741,0.4513909263560587,-1.4900102932649493,-0.42015694192260483,0.5894915447180944,0.21609184611595547,,2.0274576711489365,0.20612996823107396,1.0422713256066165,0.995942022743847,-0.16541664750595708,-0.34182342849603875,0.2895903662894727,1.3766240939757455,-4.042376923775953,0.07370681890445847,-0.509594405116166,-0.5669834796799407,1.299810708974583,-2.394926895252321,0.515282363447293,-0.5256424179002047,0.2829973810224599,-1.1168074364395155,-1.6454378382617976,-1.1630542682534417,-0.020417045350642704,2.253425668110326,0.7241371322766093,0.06442667373222068,-0.14217151239348436,1.2696339473672964,-1.246353895160752,-3.084771089600218,-1.1536256608904276,0.37294048850722356,-1.4838346538773421,0.45055790737889195,0.542755187450238,1.1417544726862874,0.14586995397925656,2
-0.040014069892749346,0.9595886883794996,0.3656985242180596,1.4578591798568084,1.243875040571261,-0.6063569769056688,-0.04579653672244556,-0.20165791269967645,2.9312059551056104,0.7707299135137735,0.13276972657261976,0.23209408472244217,-1.63033164455577,-4.7409121892986015,0.37852681893202467,0.9216814245015624,6.874295520174784,-0.6102559003644767,2.7442432365968297,1.7524420498081419,-1.9493452552108483,-0.2696473522415064,-0.37615891876102336,-0.8429456615999527,0.887669311435047,6.254717171965003,-0.78950685133539,3.4822609098708144,2.0598548112400503,-0.5128449148689649,-1.569883927543632,1.5941174615220233,0.7270193073540817,-6.250633387936936,0.9594427089965875,0.2598012105948643,2.4060200705273735,-0.7296927440665337,-0.03197566885726784,-0.14665317945769996,1.196886763916562,-1.6080993587888226,-1.029299501614386,-0.6683612761723191,-0.36025990152728143,-1.2506498948331437,-1.0902116031725075,0.25178939075434725,-0.5008936956512298,0.9084959424830503,1.6863654589486519,-0.301810107076798,-2.3132755538134298,2.312481905516079,-0.5849299185682824,0.10651034054688654,0.34542636035848484,-1.6894179894802415,1.1463608564403391,-0.1829574255102161,1
